time_fs,se_c60_population,active_surface_c60_diagonal,norm,interval_hops_before_frame,interval_max_raw_probability_sum,interval_renormalized_probability_vectors,se_state_0,se_state_1,se_state_2,se_state_3,se_state_4,se_state_5,se_state_6,se_state_7,se_state_8,se_state_9,sh_state_0,sh_state_1,sh_state_2,sh_state_3,sh_state_4,sh_state_5,sh_state_6,sh_state_7,sh_state_8,sh_state_9
0.0,0.0008490752832741776,0.21391366996382613,0.9999999999999998,0,0.0,0,0.00044659015876276586,0.10869188968888692,0.011570965914685755,0.8750855798865443,0.0012463717081831421,0.0018640736751009317,0.0008784084835988088,9.479160256235154e-05,2.089008180378777e-09,0.00012132679266664891,0.00045,0.10795,0.01115,0.87645,0.00125,0.002,0.0007,0.0,0.0,5e-05
0.5,0.0011115836672662238,0.24375983063196144,1.0000000000000284,1240,1.0000000000000002,0,0.00048341983157593123,0.08641466120936435,0.05149124719863585,0.8592955841086085,0.0005090090179374324,1.4243042653359788e-05,0.0015794203692486252,8.39429436053059e-05,8.361961474462356e-08,0.00012838865878446606,0.0006,0.08545,0.0489,0.86325,0.00055,5e-05,0.00115,0.0,0.0,5e-05
1.0,0.001837109603195187,0.4867812278609755,0.999999999999999,4874,1.0000000000000002,0,0.0005135324995867112,0.06920932434700947,0.27740419365929486,0.6480592079565558,0.0004914918619661361,0.0015452226627135706,0.002564462812575937,7.47847132658458e-05,1.020916204622111e-06,0.00013675857082634676,0.00035,0.0674,0.27545,0.6525,0.00055,0.00155,0.0021,0.0,0.0,0.0001
1.5,0.0028693411813360517,0.5063871161179859,1.0000000000000286,6853,1.0000000000000002,0,0.0005355433964390417,0.0555399877908231,0.5992313138817833,0.3345632719405513,0.001665957707072847,0.004493475706027695,0.0037507340943297436,6.726695701347274e-05,4.345582096010311e-06,0.0001481029438924459,0.00045,0.0548,0.60445,0.33025,0.002,0.0047,0.00325,0.0,0.0,0.0001
2.0,0.0040344910540825426,0.5054178108918165,1.000000000000005,989,1.0000000000000002,0,0.0005455498652775877,0.04381263533275103,0.5777963184014104,0.3609537152732477,0.005519949647114227,0.006196380009344811,0.004945914903671384,5.924117487311748e-05,1.0535868210078746e-05,0.0001597595241045025,0.00065,0.0435,0.58205,0.3571,0.0058,0.00625,0.0046,0.0,0.0,5e-05
2.5,0.005238859901975396,0.5142892766467446,0.999999999999986,3691,1.0000000000000002,0,0.0005438095993120037,0.03514205711495541,0.41770674585277334,0.5226362547327758,0.011315383127929863,0.00637467251834466,0.006046411504815679,5.064381794713754e-05,1.7883605101451047e-05,0.00016613812603081987,0.0005,0.036,0.4181,0.52175,0.0118,0.00635,0.0055,0.0,0.0,0.0
3.0,0.006502779386247338,0.3110421846103922,0.9999999999999984,5597,1.0000000000000002,0,0.0005280736733539776,0.028620353953109447,0.15996907065485336,0.7804036793136647,0.017451567101570697,0.005929133254836322,0.006866701438393876,4.2091837481909506e-05,2.3903073534877665e-05,0.0001654256991993279,0.00065,0.02855,0.1589,0.78,0.01905,0.00635,0.0065,0.0,0.0,0.0
3.5,0.007944346510687962,0.13962961386478515,1.0000000000000153,2448,1.0000000000000002,0,0.0005012248381036415,0.023747286301149566,0.051549157476835444,0.8882849618631495,0.023268956550352465,0.005177498966367385,0.007249860338972462,3.511219351683741e-05,2.6820383285525853e-05,0.00015912108828273878,0.0006,0.0241,0.05095,0.88705,0.02575,0.0048,0.00675,0.0,0.0,0.0
4.0,0.009693715939391284,0.0778029447503759,0.9999999999999947,804,1.0000000000000002,0,0.00046325935507799174,0.02016099642215675,0.021125184295895195,0.9182528494550727,0.028433248250527884,0.004242060138499875,0.007111158542221696,3.071033601400075e-05,2.656452947900841e-05,0.0001539686750494702,0.0004,0.0204,0.02085,0.9171,0.0303,0.0042,0.00675,0.0,0.0,0.0
4.5,0.011815202846179578,0.05134901377292836,0.9999999999999785,380,1.0000000000000002,0,0.0004151016908822113,0.01733440871914475,0.010440754200874907,0.9291630832145453,0.032682225828950626,0.0033058845346639796,0.006448269753340633,2.845957425636499e-05,2.4043405189450453e-05,0.0001577690781300687,0.00035,0.018,0.0093,0.9286,0.03395,0.0035,0.00625,0.0,0.0,5e-05
5.0,0.014258911974308779,0.039679714747226286,0.9999999999999574,221,1.0000000000000002,0,0.00035331103422615124,0.01531600587212374,0.006646726038058313,0.933721883570686,0.03588281122278114,0.002512002400114534,0.0053448784268507465,2.9204453836658755e-05,2.0358659365714945e-05,0.00017281832191441866,0.0003,0.0155,0.006,0.93275,0.03735,0.00275,0.0053,0.0,0.0,5e-05
5.5,0.01687551376771604,0.0342677741152908,0.9999999999999268,132,1.0000000000000002,0,0.0002808960195870886,0.013713438878966129,0.005070685433976827,0.9366796428986395,0.03796466046785233,0.002083166518708422,0.0039673800430618565,3.175305531636996e-05,1.638503449201235e-05,0.00019199164932589112,0.00025,0.01425,0.00535,0.9335,0.04025,0.0022,0.00415,0.0,0.0,5e-05
6.0,0.019469725979940306,0.030957336016150038,0.9999999999998979,107,1.0000000000000002,0,0.00020446423467560904,0.012316293464927965,0.004664815873771095,0.9389371789617889,0.038891494223911145,0.002212920190505763,0.002522561147453976,3.4806340162377106e-05,1.2729147087486811e-05,0.00020273641561371994,0.0001,0.0128,0.00565,0.9352,0.04135,0.00205,0.0027,0.0,0.0,0.00015
6.5,0.02187511595910955,0.0284837710512659,0.9999999999998733,95,1.0000000000000002,0,0.00013758939816497874,0.01076495312994873,0.005139239767664471,0.9405328893351096,0.038861404929196604,0.0030710284297082334,0.0012487323190513025,3.7082564871108115e-05,9.745861602649337e-06,0.00019733426455554313,5e-05,0.01165,0.0057,0.9369,0.0412,0.00305,0.0013,0.0,0.0,0.00015
7.0,0.02400823972445794,0.02702507671663184,0.9999999999998349,132,1.0000000000000002,0,0.00010251100757983686,0.008577213274293088,0.006652633519571402,0.9411068487867448,0.03819505773685853,0.0047784828615955585,0.0003642599539829312,3.792144797610766e-05,7.560463168023601e-06,0.0001775109480646604,5e-05,0.0094,0.0073,0.9372,0.0402,0.00525,0.00045,0.0,0.0,0.00015
7.5,0.025882317870937897,0.025958799167865504,0.9999999999998811,139,1.0000000000000002,0,0.00012487702092475045,0.005622067707360878,0.009136464797327085,0.9402423900328155,0.037283951810701634,0.007376089336301619,1.6330714224833614e-05,3.859369865954255e-05,5.772466513529596e-06,0.00015346241505176793,5e-05,0.0067,0.0095,0.9364,0.0394,0.0078,5e-05,0.0,0.0,0.0001
8.0,0.02757821629994203,0.02534219344897452,0.9999999999998723,149,1.0000000000000002,0,0.0002240753359777313,0.0031123193782167996,0.011277168253344934,0.9372476163307975,0.03682065035015508,0.010878524908986257,0.0002571578900644662,3.888501023213442e-05,4.172072940804192e-06,0.00013943046915663873,0.0001,0.00345,0.01235,0.9341,0.03885,0.01095,0.0001,0.0,0.0,0.0001
8.5,0.029195075605327102,0.025341026184322046,0.9999999999998561,166,1.0000000000000002,0,0.00038371996193465127,0.0018854647765622818,0.012198377329186681,0.9310215833346454,0.0380312776110117,0.01526111491034659,0.0010362305945697278,3.806168391112797e-05,2.7729923372415323e-06,0.00014139680535071576,0.0004,0.0026,0.01285,0.92775,0.04025,0.01515,0.0009,0.0,0.0,0.0001
9.0,0.030812322301310528,0.02568369472681959,0.9999999999998141,269,1.0000000000000002,0,0.0005010805257429604,0.0015872199401747351,0.012325216295213734,0.9196586166411678,0.04306231681262572,0.020470716097076264,0.00220225512031212,3.5746846408516666e-05,1.7457383913789656e-06,0.0001550859827010359,0.0004,0.00215,0.01325,0.9163,0.04505,0.0207,0.00205,0.0,0.0,0.0001
9.5,0.03246168657056671,0.02588426447527745,0.9999999999997936,439,1.0000000000000002,0,0.00048468584975216875,0.0018253693070734035,0.012117730233492241,0.8998628894187197,0.05552852211807018,0.026433125095697375,0.003543344221695471,3.283239686052701e-05,1.4044954993441174e-06,0.00017009686293306507,0.00045,0.0021,0.01275,0.89655,0.0582,0.02685,0.003,0.0,0.0,0.0001
10.0,0.03412038637479356,0.026608399267301543,0.9999999999997847,645,1.0000000000000002,0,0.0004546087466802127,0.002212186774670092,0.011885469954657892,0.8679430162107721,0.07963582674432315,0.03287195612302789,0.0047789682116088335,3.1728743372793e-05,2.300273715375723e-06,0.00018393821695651192,0.00045,0.0023,0.0124,0.86635,0.082,0.0322,0.00405,5e-05,5e-05,0.00015
10.5,0.03572339794173524,0.02735400820154641,0.9999999999997695,993,1.0000000000000002,0,0.0004608751384530799,0.0025644794352983457,0.011615792558469834,0.8203790389501021,0.11907211486765892,0.03988638698879254,0.00579674305342997,3.500959999059881e-05,5.733954782063195e-06,0.000183825452792074,0.00045,0.00285,0.0117,0.819,0.1218,0.03895,0.005,0.0001,0.0,0.00015
11.0,0.037181899500521615,0.028324777720122915,0.999999999999754,1270,1.0000000000000002,0,0.00048433098274741686,0.0027941491718101448,0.011389743340109846,0.7607227438534714,0.17070784042049023,0.04718891288224629,0.006475532772094138,4.370088820924991e-05,1.3636609725510783e-05,0.00017940907884993152,0.00035,0.0031,0.01175,0.75805,0.17485,0.04625,0.0054,0.0001,0.0,0.00015
11.5,0.038406771537064566,0.029081846223328257,0.9999999999997414,1306,1.0000000000000002,0,0.00051235454541093,0.0028684251674567247,0.011251540516301489,0.7002106752894302,0.22370182152490103,0.054418420752375796,0.006774883748853921,5.469405220855477e-05,2.6983801213871476e-05,0.00018020060158889712,0.00045,0.00345,0.0113,0.69545,0.2283,0.055,0.00575,0.00015,0.0001,5e-05
12.0,0.03932509162804599,0.02939332953696096,0.9999999999997069,1110,1.0000000000000002,0,0.0005332493153373451,0.0027828443211314327,0.011228729279976615,0.6495742623020474,0.2676847913818511,0.061181323904009446,0.006719403261886481,6.218390727630508e-05,4.447035842138683e-05,0.00018874196776920868,0.0004,0.00355,0.01105,0.64275,0.2739,0.06235,0.00575,0.0001,0.0001,5e-05
12.5,0.03988724141337763,0.02980919739509213,0.9999999999997051,701,1.0000000000000002,0,0.0005370369727696607,0.0025594732368608036,0.011349944094632535,0.6128842646907304,0.2989020022075096,0.06702940823816768,0.006414952067081171,6.137417635001011e-05,6.140042674304069e-05,0.00020014388886001167,0.0005,0.00315,0.01105,0.6101,0.30135,0.068,0.0055,0.0001,0.00015,0.0001
13.0,0.040075395461604796,0.030922733497330865,0.9999999999997202,549,1.0000000000000002,0,0.0005184960892051836,0.002257400758705354,0.011659974742623976,0.5888273576481977,0.3189102726141222,0.07149485696030793,0.006002192881659218,5.2116238551430055e-05,7.122326563254747e-05,0.00020610880071482042,0.0005,0.00305,0.0118,0.58475,0.32255,0.0718,0.00525,5e-05,0.0001,0.00015
13.5,0.03991183512642353,0.03125648379576875,0.9999999999997042,335,1.0000000000000002,0,0.0004804925520607382,0.0019442617359232176,0.012228735991090771,0.5738769595227985,0.3313153930142206,0.07422555941366596,0.005621848285020408,3.7204219303096175e-05,7.034425487814832e-05,0.00019920101074287873,0.00035,0.00245,0.0123,0.5713,0.3334,0.075,0.00495,0.0,0.0001,0.00015
14.0,0.039463248522646564,0.03155952586277387,0.9999999999997123,195,1.0000000000000002,0,0.0004094376141220259,0.0015720308271576693,0.012862027221040908,0.5668616459403439,0.33753381939121546,0.07507280601771715,0.005422006189464011,2.199803022475698e-05,6.13771374534486e-05,0.00018285163097303992,0.0001,0.00185,0.0126,0.5647,0.3391,0.0765,0.00485,0.0,0.0001,0.0002
14.5,0.03885028770853022,0.03216263241362605,0.999999999999748,134,1.0000000000000002,0,0.0003285823631199608,0.0012692668572862969,0.013807589335834706,0.5637123355213423,0.34133488325244865,0.07388846620259537,0.005441304173098247,9.620830523321715e-06,4.805354511150966e-05,0.00015989791838777947,0.0001,0.0015,0.0131,0.5616,0.3438,0.075,0.0047,0.0,0.0001,0.0001
15.0,0.0382205056585119,0.03315972660964795,0.9999999999997256,128,1.0000000000000002,0,0.00023093352283726427,0.00098564179332704,0.014791257691433655,0.5642714552560215,0.3429249640840192,0.07088514013384042,0.005725439628267874,2.3778427160171874e-06,4.094561681580972e-05,0.0001418444304468704,0.00015,0.0011,0.0139,0.5629,0.34555,0.07115,0.0051,0.0,5e-05,0.0001
15.5,0.03772727923596228,0.03424886571170492,0.9999999999997158,137,1.0000000000000002,0,0.00013839625294270424,0.000792907714163033,0.015867295288665283,0.5665026774402979,0.34353496553080065,0.06671463662840112,0.0062718421505907895,1.7829295912403646e-07,4.093658119123936e-05,0.00013616411970381748,0.0001,0.0009,0.01455,0.56555,0.34525,0.0678,0.0057,0.0,5e-05,0.0001
16.0,0.03747010769759774,0.03658302679423771,0.9999999999997065,215,1.0000000000000002,0,6.18525102633066e-05,0.0006730346430174752,0.01687186823850249,0.5698633924189715,0.3406328156054388,0.0646556270391407,0.0070494613315845375,2.6411204053126515e-06,4.756749851392475e-05,0.0001417395938680383,0.0001,0.0009,0.0157,0.5691,0.34165,0.0658,0.00655,0.0,5e-05,0.00015
16.5,0.037465259394994586,0.041589083173976416,0.9999999999996811,634,1.0000000000000002,0,1.3614292365754838e-05,0.0006195896947055231,0.017654361593754043,0.5737670414728641,0.31697520578715577,0.08272946500611279,0.00802084514011888,8.779540766039271e-06,5.718884671512185e-05,0.00015390862512345484,0.0,0.00075,0.01675,0.5732,0.3175,0.08425,0.00735,0.0,0.0001,0.0001
17.0,0.037643084843489896,0.048602979975591695,0.9999999999996882,1784,1.0000000000000002,0,4.426092668774874e-06,0.0006118323598831106,0.018063467829916684,0.577798771730141,0.23479659376826936,0.15931319122500076,0.009164142191505836,1.6178687374302012e-05,6.608086163292559e-05,0.0001653152532954935,0.0,0.00075,0.01685,0.57805,0.23485,0.1604,0.00885,0.0,0.0001,0.00015
17.5,0.03785981581274171,0.047246014013087916,0.9999999999996991,1601,1.0000000000000002,0,4.3092629590297926e-05,0.0006251888094010846,0.018013267577198327,0.5814908634981742,0.15862125627285795,0.23047522017876254,0.01046257796595036,2.1294157465057798e-05,7.30046659061416e-05,0.00017423424439287052,0.0,0.0006,0.0169,0.5814,0.1601,0.2305,0.01025,0.0,0.0001,0.00015
18.0,0.03795089400008592,0.04407939292448497,0.9999999999996868,857,1.0000000000000002,0,0.00013147400892993011,0.0006254083961236351,0.017711393816800088,0.5840339383158996,0.12272032733452436,0.2625480283937668,0.011941749389106518,2.4512419543872806e-05,7.888729807883986e-05,0.00018428062691324765,0.00025,0.0006,0.0165,0.5843,0.1238,0.26235,0.0119,5e-05,0.0001,0.00015
18.5,0.03781961810579709,0.04131032824449829,0.9999999999996674,473,1.0000000000000002,0,0.00027472284394208915,0.0006039376241074998,0.017163657862763654,0.5845056561118649,0.10780560484993836,0.2757505382735398,0.013597395019196318,2.284544772631315e-05,8.432849097800606e-05,0.0001913134756102799,0.00025,0.0006,0.0162,0.5843,0.1098,0.2754,0.01315,5e-05,0.0001,0.00015
19.0,0.03745645187441525,0.03887640322020469,0.9999999999996477,424,1.0000000000000002,0,0.0004715089227066544,0.0005314590146122481,0.016569181312004435,0.5818805250541107,0.10288459220754881,0.2818305527249314,0.015529475425732972,2.3883665281307103e-05,8.492319079758953e-05,0.00019389848192179524,0.00045,0.00065,0.0155,0.5817,0.10415,0.28185,0.0153,0.0001,0.00015,0.00015
19.5,0.036935408022237895,0.03697043297602595,0.9999999999996454,432,1.0000000000000002,0,0.000720866850121187,0.00036136450315462206,0.016083367763470278,0.575090280433251,0.10477773289014622,0.2847929830729864,0.017877193995776676,4.072997203268509e-05,6.841070223009297e-05,0.00018706981647597284,0.0008,0.0005,0.0152,0.57525,0.10485,0.28535,0.0177,0.0001,0.0001,0.00015
20.0,0.03636926331744432,0.03523081307444751,0.9999999999996496,603,1.0000000000000002,0,0.00102281164186643,9.227104820449088e-05,0.015770851130063226,0.5631388206444734,0.1125887703802579,0.28628603696956123,0.02082369640705087,5.864758213975368e-05,4.800402424020255e-05,0.0001700901717921351,0.0011,5e-05,0.01465,0.5604,0.11585,0.2866,0.02095,0.0001,0.0001,0.0002
20.5,0.03575093890051953,0.034344016441142045,0.999999999999639,817,1.0000000000000002,0,0.0013813485553051937,0.006693682806081005,0.008661321416918645,0.5453161465256373,0.1260526836477635,0.28708452115963845,0.0245613252966862,6.61977281491101e-05,3.198520114379151e-05,0.00015078766231569094,0.0014,0.00585,0.00875,0.5432,0.1283,0.2869,0.02525,0.0001,5e-05,0.0002
21.0,0.03526054850731987,0.03380580949143158,0.9999999999996197,945,1.0000000000000002,0,0.0018222804643352071,0.0023113670606882486,0.012586513883541265,0.5212595704463896,0.1451827181587768,0.2877448403139396,0.028865125155358135,6.497687560830507e-05,1.792859007924563e-05,0.0001446790509031992,0.0021,0.00165,0.01235,0.51935,0.14635,0.2889,0.029,0.0002,0.0,0.0001
21.5,0.03474409255732242,0.03417369328064309,0.9999999999996194,1030,1.0000000000000002,0,0.0023810127668782276,0.0015679573196579627,0.012845997021438441,0.4922031230914522,0.16797956329815147,0.288292523393031,0.03451016989364642,5.8734948852275855e-05,7.776459194397599e-06,0.0001531418073171318,0.0027,0.0011,0.01245,0.48895,0.17095,0.28855,0.03495,0.0002,5e-05,0.0001
22.0,0.03412570122741236,0.034692174883736694,0.9999999999995972,1069,1.0000000000000002,0,0.003231305667844305,0.0012745325764591507,0.012423906901580625,0.46052228903409875,0.19274515043544235,0.2891352932584122,0.04043120591491268,4.9821315229180374e-05,1.171861377894575e-05,0.0001747762818388561,0.00335,0.0009,0.01225,0.45695,0.19605,0.2903,0.03995,0.00015,0.0,0.0001
22.5,0.03334392189997607,0.03545382336282168,0.9999999999995981,1208,1.0000000000000002,0,0.00470761804150952,0.0010924106369576453,0.011322008306535099,0.4271823034302448,0.21822399203120782,0.2909029325710115,0.04630337734513476,4.056754712761882e-05,4.068012095701713e-05,0.0001841099689122388,0.0045,0.0009,0.0112,0.42315,0.2224,0.28945,0.0481,0.00015,5e-05,0.0001
23.0,0.03237784462852888,0.03627632790543,0.9999999999995806,1079,1.0000000000000002,0,0.007614470330466287,0.0009715865845167938,0.00877476514976757,0.39681107916072,0.24066591816060942,0.29308615892834894,0.05178931598500132,3.276587071823953e-05,8.716323899260822e-05,0.0001667765904394213,0.0068,0.0009,0.0091,0.39315,0.2445,0.29235,0.0529,0.00015,0.0001,5e-05
23.5,0.03127791008443598,0.03677430296306399,0.9999999999995894,980,1.0000000000000002,0,0.01198956717294129,0.000885553629858142,0.004777149771608781,0.37001909441929487,0.2594800091318687,0.2964470793561204,0.05611157832718976,2.2378086740800786e-05,0.0001372653668761842,0.00013032473709053628,0.0111,0.0007,0.00495,0.3673,0.26285,0.2965,0.0564,5e-05,0.00015,0.0
24.0,0.030125324503776373,0.03766538509749204,0.9999999999995693,820,1.0000000000000002,0,0.015268111740913163,0.0008350606957553749,0.0018820610242022433,0.34850323158977903,0.2735139237317264,0.3006642860528567,0.059054031911234185,2.2476228843800297e-05,0.0001667877913806391,9.002923287763101e-05,0.01475,0.0006,0.0016,0.3453,0.2768,0.30185,0.05875,5e-05,0.0003,0.0
24.5,0.029003403115112267,0.038528631900420086,0.9999999999995752,571,1.0000000000000002,0,0.016757607867326534,0.0008383481561348967,0.0007492444164192384,0.3324206066373985,0.282942701201959,0.3052372356998116,0.060789178581833206,0.00012046807242096256,8.691957005648009e-05,5.768979621478398e-05,0.016,0.00055,0.00095,0.32855,0.2859,0.30705,0.0608,0.0001,0.0001,0.0
25.0,0.02796354297526485,0.039530704155709896,0.999999999999586,389,1.0000000000000002,0,0.017448937074404713,0.0009864499063912526,0.0003602145077564173,0.32106193743920647,0.28834993335031484,0.30990267036171815,0.06162568912643197,0.00014806156564743094,7.432217780561436e-05,4.178448990927594e-05,0.01675,0.00075,0.00025,0.3175,0.29115,0.3113,0.0621,5e-05,0.00015,0.0
25.5,0.027015770013909847,0.041926222404594184,0.9999999999995769,302,1.0000000000000002,0,0.017811164637188192,0.0016194403046642283,0.00022534800417142443,0.3129062146060485,0.29071849452455906,0.31460930630606576,0.061826139317803175,0.0001726184992683308,7.010441833114076e-05,4.116938147712569e-05,0.01705,0.00115,0.00015,0.30965,0.294,0.3156,0.06205,0.00015,0.0002,0.0
26.0,0.02614575134164078,0.04926409861355703,0.9999999999995904,297,1.0000000000000002,0,0.017991209295693977,0.004366188792220211,0.00018726577083907713,0.30489733122780127,0.2911355590438217,0.3194596038758562,0.061646979595746006,0.0002016981062936923,6.575502402484378e-05,4.840926729344789e-05,0.01715,0.0039,0.0001,0.30285,0.29315,0.3206,0.06195,0.0001,0.00015,5e-05
26.5,0.02534556626649473,0.08583391525448696,0.999999999999589,573,1.0000000000000002,0,0.018043807093823173,0.02249164446745241,0.0001893077779771157,0.2824173277942841,0.29050801825824296,0.3244111276492277,0.061594996444860224,0.00022889115101787453,5.926872171899276e-05,5.561064098445245e-05,0.01715,0.0213,0.0001,0.281,0.29295,0.32555,0.0616,0.0002,0.0001,5e-05
27.0,0.02464406337338506,0.16950193887735937,0.9999999999995961,3585,1.0000000000000002,0,0.018017890300048595,0.18815277154415214,0.00022073360776187327,0.11226320082099567,0.28911732308781135,0.32915920097955303,0.06271846844156613,0.00024045783007221568,5.213648803748729e-05,5.781689959752117e-05,0.01715,0.18715,0.0002,0.10965,0.29295,0.3297,0.0629,0.0002,5e-05,5e-05
27.5,0.024208037287126234,0.07305501179619209,0.9999999999995927,1966,1.0000000000000002,0,0.017924801783787327,0.2697467891854777,0.0002461816503077748,0.025167373251106285,0.2878932191295315,0.3320678407670876,0.06660859948796537,0.0002439291512482212,4.3496818445468175e-05,5.776877463548424e-05,0.01705,0.2679,0.00025,0.02395,0.29155,0.3322,0.06675,0.0003,0.0,5e-05
28.0,0.024239808416568233,0.055150556058324196,0.9999999999995799,545,1.0000000000000002,0,0.017794623615547185,0.2757641008822755,0.0002664967495128951,0.012281440528577011,0.28693352781691067,0.33137320751646643,0.07525277550849967,0.0002421028895419562,3.328028560487031e-05,5.844420664368448e-05,0.01715,0.27205,0.0003,0.013,0.29065,0.33165,0.07485,0.0003,0.0,5e-05
28.5,0.025000400552644512,0.04964809805580727,0.9999999999995847,600,1.0000000000000002,0,0.017660558847903584,0.27128961340357505,0.0002787471937956097,0.008538834669875432,0.28634090653207367,0.32600835617537327,0.08955555973279865,0.0002426022303284122,2.3236012165796408e-05,6.158520169516854e-05,0.017,0.2672,0.00025,0.0092,0.28985,0.3269,0.08925,0.0003,0.0,5e-05
29.0,0.02680289560523778,0.04794918569561286,0.999999999999575,656,1.0000000000000002,0,0.017551942309230642,0.263454977780043,0.00028144904786401415,0.007065268273655805,0.2860321733123854,0.3171879848027589,0.10809677509850399,0.0002493817639812435,1.497674315196226e-05,6.507086800006428e-05,0.0169,0.26005,0.0002,0.0076,0.28935,0.31765,0.1079,0.0003,0.0,5e-05
29.5,0.029954589877840446,0.04748684783992667,0.9999999999995781,742,1.0000000000000002,0,0.017441674287287774,0.2542143844498026,0.0002709626378930147,0.00650890079828956,0.28527368765245387,0.3078768469006491,0.12807817957337458,0.0002613060557176719,9.697294777257344e-06,6.436034933290489e-05,0.01695,0.2517,0.0002,0.00645,0.28845,0.30635,0.12955,0.0003,0.0,5e-05
30.0,0.034688613461960206,0.04772971500813253,0.9999999999995874,826,1.0000000000000002,0,0.017387569832433766,0.24430943812552874,0.0002775801489435221,0.006219130434889715,0.2786075707026079,0.30622404537356046,0.1466287445891617,0.000273076683511819,8.014670581200552e-06,6.48294383687154e-05,0.0168,0.24205,0.0004,0.00595,0.28225,0.30335,0.14885,0.0003,0.0,5e-05
30.5,0.04086376257558085,0.051621776943118695,0.9999999999995902,1472,1.0000000000000002,0,0.017201190195242785,0.2348247677304531,0.0003119394865892766,0.006219673811569832,0.3264162466449815,0.2519681918781893,0.16269213668909088,0.0002929274478521314,8.795310970172079e-06,6.413080465110406e-05,0.0166,0.2334,0.0003,0.00605,0.32665,0.25165,0.1648,0.0005,0.0,5e-05
31.0,0.04860295096929611,0.052873370572984274,0.9999999999995871,747,1.0000000000000002,0,0.016757075112944865,0.22655521538749512,0.0004618327560688444,0.006303131790348523,0.31364192753563724,0.2599751552245362,0.17589453258856705,0.0003347466036621885,1.1440481165837204e-05,6.49425191613358e-05,0.01605,0.2258,0.00065,0.0063,0.3131,0.26015,0.1774,0.0005,0.0,5e-05
31.5,0.057226701829582526,0.054765351360636795,0.9999999999996065,489,1.0000000000000002,0,0.01583853757002905,0.21996049199621412,0.0009432830433798057,0.0064488265466091125,0.31599857276912774,0.25394598104146077,0.18636371018543296,0.0004201614144776842,1.5665887879786603e-05,6.476954499568213e-05,0.01505,0.21885,0.00075,0.0065,0.31625,0.2529,0.1892,0.0005,0.0,0.0
32.0,0.06611592950089323,0.05999505107627037,0.9999999999996079,393,1.0000000000000002,0,0.014205241411404475,0.21483432194251706,0.002623485821732625,0.006635342949596212,0.32021427144604786,0.24592316068950015,0.1949208455816422,0.0005591764873174896,2.3728130803839972e-05,6.04255390459115e-05,0.0135,0.2129,0.0026,0.0066,0.32055,0.24645,0.19675,0.00065,0.0,0.0
32.5,0.07458252759453723,0.07715860508932657,0.9999999999996254,591,1.0000000000000002,0,0.011634165081490361,0.20679610927143652,0.010248726298903416,0.00686623726168721,0.322912660059161,0.2374123921180838,0.2033012275559723,0.0007364634420685771,4.076920005376062e-05,5.124971076827706e-05,0.01115,0.2036,0.0104,0.0067,0.3232,0.2385,0.2058,0.00065,0.0,0.0
33.0,0.08205407125389855,0.13564771000929385,0.9999999999996367,1418,1.0000000000000002,0,0.008158531405071539,0.1681267274335075,0.05137860332253202,0.007173330577978457,0.3209007024556212,0.22912537099995253,0.21411308647688304,0.0009094643094477305,7.265055392549926e-05,4.1532464717103207e-05,0.00735,0.16245,0.05355,0.00675,0.3224,0.2303,0.2162,0.001,0.0,0.0
33.5,0.08822865035777286,0.14956024094989934,0.9999999999996436,2111,1.0000000000000002,0,0.005418313505125995,0.09041055813353996,0.13239728474301782,0.007637326813939989,0.312056747916904,0.22174637176483603,0.2291522671522011,0.0010217975923424295,0.00012097287559812088,3.835950213818394e-05,0.0045,0.0897,0.13035,0.00725,0.3123,0.22305,0.2317,0.0011,5e-05,0.0
34.0,0.09312675838426768,0.15551455556660657,0.9999999999996244,1471,1.0000000000000002,0,0.02158233412042766,0.05639767484355887,0.1516909923841665,0.008445910632002488,0.29753239335091536,0.2160217729103071,0.24707677117582447,0.0010274450643710908,0.00017633779552757178,4.8367722523258995e-05,0.02125,0.0553,0.1492,0.0083,0.29655,0.2181,0.2502,0.00095,0.00015,0.0
34.5,0.0969630813660194,0.15088261078229395,0.9999999999996142,2685,1.0000000000000002,0,0.1314376177815797,0.043791023619859704,0.05562297335108201,0.010038434379348708,0.2805675350574443,0.2127136522534922,0.2646185477140276,0.00091805262702971,0.000219406718554581,7.275649719578868e-05,0.12765,0.0436,0.0553,0.00995,0.2803,0.21465,0.26755,0.00085,0.00015,0.0
35.0,0.09988822348555376,0.10429810570224908,0.9999999999996332,1399,1.0000000000000002,0,0.17525766519009758,0.03519109716257445,0.01989471063653228,0.01301886325908836,0.2635208031611925,0.21253901321325092,0.2795146154597414,0.0007284739925489845,0.00022944636915898104,0.00010531155544777253,0.17255,0.0357,0.0189,0.0125,0.26165,0.2147,0.2829,0.00075,0.0003,5e-05
35.5,0.10227253533615618,0.09313729119921224,0.9999999999996405,744,1.0000000000000002,0,0.18656623080305593,0.026806665603961506,0.01413886751941407,0.017073261108768636,0.24735261654124277,0.21600611088827135,0.2911896713983943,0.0005321143285787098,0.00019610352131561133,0.00013835828663769876,0.1825,0.02745,0.01335,0.01665,0.24645,0.21795,0.29475,0.0006,0.0002,0.0001
36.0,0.10436901058061049,0.0922573543341881,0.9999999999996512,744,1.0000000000000002,0,0.18847172004630622,0.019234613704635826,0.01566676123081823,0.02083147732173184,0.23237866788369976,0.2227989210263839,0.29993101026639596,0.0003914378629823686,0.00012893021885784935,0.00016646043783941487,0.18565,0.0195,0.01405,0.02065,0.23145,0.22465,0.3034,0.00045,5e-05,0.00015
36.5,0.10620465345379226,0.12010000425707774,0.9999999999996584,1055,1.0000000000000002,0,0.18395253824527474,0.012676207176250887,0.021344805467961317,0.033008405287797374,0.21909068607239673,0.2234416603567276,0.305916972079097,0.0003369315639171413,5.435238250739982e-05,0.00017744136772841624,0.1798,0.013,0.0199,0.03345,0.2187,0.22445,0.3102,0.0003,0.0,0.0002
37.0,0.10747095053825907,0.20604369004168102,0.9999999999996645,2776,1.0000000000000002,0,0.16974356215632674,0.008108128318514266,0.03198878740125615,0.12186977620403881,0.20746437422087038,0.1501423584046427,0.31014620754880395,0.00034278824890205284,9.148291821191416e-06,0.00018486920448814703,0.1654,0.0086,0.0306,0.12345,0.2071,0.1496,0.3147,0.00035,0.0,0.0002
37.5,0.10771752397980817,0.20917274309629783,0.9999999999996677,3532,1.0000000000000002,0,0.1124799003152934,0.0051915440063446385,0.08081933622380626,0.2113080078773115,0.19844517811464313,0.07908944496067069,0.3120989004717905,0.00038024119848594775,2.7444980749319308e-06,0.00018470233324681005,0.1123,0.00565,0.0768,0.2142,0.19755,0.07665,0.3164,0.0003,0.0,0.00015
38.0,0.10651373315914348,0.12055467633181945,0.9999999999996688,2834,1.0000000000000002,0,0.1758548917077537,0.003921343469252502,0.004756068853094357,0.24449544268043125,0.19271889916755205,0.06544878961915265,0.3121797484293582,0.0004031606098539597,1.7853233778914823e-05,0.00020380222944127145,0.17315,0.00415,0.00465,0.2457,0.1926,0.0637,0.3156,0.0003,0.0,0.00015
38.5,0.10363253118530569,0.12134162236476502,0.9999999999996765,1305,1.0000000000000002,0,0.15132136724563047,0.003410532877912353,0.013913605138563673,0.2660021365600752,0.19166323012422792,0.06357720361183848,0.30945203062809185,0.00038723530341982457,3.286984146004278e-05,0.00023978866845691504,0.1492,0.00375,0.01355,0.2648,0.19155,0.0626,0.31405,0.0003,5e-05,0.00015
39.0,0.09894872026055362,0.12655683494058306,0.9999999999996666,1107,1.0000000000000002,0,0.1316483219288108,0.003504585101912011,0.01771780227811551,0.28026055965142105,0.19681162805956035,0.06663007470681914,0.3027703485171423,0.00034034443249441395,3.546902332553415e-05,0.00028086630006546765,0.1308,0.0039,0.01695,0.27855,0.1953,0.06525,0.30875,0.0003,0.0,0.0002
39.5,0.09264245901873462,0.13656640937910342,0.9999999999996564,1204,1.0000000000000002,0,0.11509675777914012,0.004063475487846391,0.019593663966411465,0.2863112295571953,0.20985836913671102,0.07374142251103541,0.29071205029950414,0.0002838787087609367,2.6906560947077257e-05,0.0003122459921044097,0.11485,0.00435,0.01865,0.28495,0.2076,0.07235,0.29675,0.0002,5e-05,0.00025
40.0,0.08523607264726758,0.15377316446562828,0.9999999999996677,1397,1.0000000000000002,0,0.10202503168182203,0.004952281263366937,0.020373339355940188,0.2804694012533713,0.23249556653902706,0.08745892167923747,0.27164370666610566,0.000236533719151631,1.737366173844715e-05,0.00032784417990701625,0.1028,0.00525,0.01915,0.2792,0.22935,0.0851,0.2786,0.00025,0.0,0.0003
40.5,0.0776095952516506,0.1866775565070811,0.9999999999997027,1887,1.0000000000000002,0,0.09253815166688006,0.006006891445548597,0.020336946126844894,0.2533794131667664,0.26616006596885294,0.11690645498659051,0.24412461146244252,0.00020009741049529503,1.845715084226363e-05,0.00032891061443954435,0.0931,0.0062,0.0194,0.25465,0.26685,0.1125,0.24685,0.0002,0.0,0.00025
41.0,0.07090997921073279,0.23000332907389756,0.9999999999996987,2718,1.0000000000000002,0,0.08657589861806235,0.007210167935650294,0.019765469672108398,0.18234565885506893,0.3050444130765794,0.18512606159346803,0.21341490604222796,0.00016682259836666558,3.3356870175184164e-05,0.00031724473799142703,0.0868,0.0074,0.01865,0.1837,0.30915,0.18105,0.2129,0.00015,0.0,0.0002
41.5,0.06629846133510668,0.18959840091250574,0.9999999999996982,3108,1.0000000000000002,0,0.08334636758056084,0.008490833393323965,0.018813166946135336,0.08504917042294811,0.346145199565682,0.2746807160434036,0.18298112028431401,0.00012960167684448413,5.604214670059462e-05,0.0003077819397853983,0.0836,0.0085,0.01795,0.0867,0.3515,0.2698,0.18165,0.00015,0.0,0.00015
42.0,0.06472200536739488,0.13115636239378944,0.9999999999996939,1800,1.0000000000000002,0,0.08219078777041838,0.009808934958955028,0.017551406138035408,0.04423836672982825,0.382739202911391,0.3045155449591172,0.15849146639170167,9.42284218812453e-05,7.35718160305901e-05,0.000296489902335329,0.08235,0.00985,0.0167,0.04465,0.3884,0.30165,0.15605,0.00015,5e-05,0.00015
42.5,0.06656750420633556,0.11098686502503237,0.9999999999997122,1029,1.0000000000000002,0,0.08233540247078522,0.01118759434835872,0.016105787129192185,0.032804652707054925,0.41408325683714003,0.30208162916581677,0.14095630034376394,7.602138481312194e-05,7.828088748004554e-05,0.0002910747253073098,0.0822,0.011,0.0158,0.03375,0.4206,0.29945,0.13695,0.0001,5e-05,0.0001
43.0,0.07160300484587684,0.1030291542395388,0.9999999999997204,828,1.0000000000000002,0,0.08336655822384036,0.012705529243923446,0.01452664020278685,0.028040678883664415,0.44169486220836107,0.29004565474053506,0.12916279169910316,8.84333430755543e-05,7.227439637259812e-05,0.00029657705805780034,0.0837,0.0124,0.01395,0.0291,0.4467,0.2867,0.12715,0.00015,5e-05,0.0001
43.5,0.07906168309398556,0.09909648251521,0.999999999999745,806,1.0000000000000002,0,0.08521699502485275,0.014637500300024824,0.012820451507280048,0.02412638217795028,0.46845194556351566,0.27293660689605176,0.12129836563899325,0.00012885618696270628,6.817818354658595e-05,0.00031471852056738175,0.08555,0.0145,0.0125,0.0248,0.47375,0.271,0.1177,0.0001,0.0,0.0001
44.0,0.08791499513396056,0.09647086822964368,0.9999999999997488,1000,1.0000000000000002,0,0.08843774295500727,0.01885264861979264,0.010962577404119888,0.01735426078677432,0.4980410100634441,0.2499430530854698,0.11581248025895531,0.00017347622172785758,8.310178648299341e-05,0.0003396488179743731,0.0889,0.0191,0.0112,0.01725,0.5035,0.24665,0.11295,0.0003,0.0,0.00015
44.5,0.09714973780932287,0.09133295299699162,0.9999999999997264,1168,1.0000000000000002,0,0.09514596622067206,0.010940557957097538,0.008908680544967906,0.019860684066617222,0.533299031880821,0.21952639163493526,0.11164199297939323,0.00018927199029763494,0.00012904440294549702,0.0003583783219790046,0.0954,0.01135,0.00935,0.01915,0.5373,0.217,0.1099,0.0003,0.0001,0.00015
45.0,0.10615041352919025,0.0959268829918827,0.9999999999997072,1048,1.0000000000000002,0,0.10812826036495687,0.01621401392518687,0.006590332258238594,0.003682636240563531,0.5594123330815849,0.1972412310629929,0.10800010415826229,0.00015716546705777472,0.00019694829462211318,0.00037697514624134666,0.1086,0.0162,0.0071,0.00335,0.5634,0.19465,0.10605,0.00025,0.0002,0.0002
45.5,0.11454067723847691,0.12396580758505128,0.9999999999997042,1768,1.0000000000000002,0,0.07582881296102399,0.0190892448787665,0.004093207319701461,0.036520703216401065,0.5276252182878005,0.2312377404488302,0.10490733152297291,9.196809237669521e-05,0.00025930972727345754,0.00034646354455747147,0.07345,0.0197,0.0048,0.03795,0.5309,0.2293,0.10345,0.00015,0.00015,0.00015
46.0,0.1222530267276343,0.10715550543759927,0.9999999999997103,1722,1.0000000000000002,0,0.055164680654234126,0.021996921545900088,0.0014650302570645578,0.058853568783207,0.47432053491673576,0.28572981157953614,0.101821512330907,3.563009278862673e-05,0.00027830307516570074,0.0003340067641711926,0.0544,0.02275,0.0018,0.05865,0.48115,0.27985,0.10095,0.0,0.00025,0.0002
46.5,0.12939520980060537,0.10091837990057156,0.9999999999997279,1054,1.0000000000000002,0,0.04787866788885061,0.025181387330716044,7.531658798333576e-05,0.06808864684384824,0.44019241460583697,0.31904513584228833,0.09893341746762196,1.1076613682652936e-05,0.00025823130695712133,0.0003357055119424109,0.04625,0.02585,0.00015,0.0689,0.4467,0.31345,0.09825,0.0,0.0002,0.00025
47.0,0.1360086100482384,0.10133073722550597,0.9999999999997211,867,1.0000000000000002,0,0.03657760472328591,0.029107856490720622,0.0069831782756046585,0.07449951996698896,0.4215560277046203,0.33426385692793636,0.09638745895036245,2.2764243888345016e-05,0.00022795522325273472,0.00037377749306073644,0.03485,0.02985,0.00765,0.07465,0.42715,0.33035,0.0951,5e-05,0.0001,0.00025
47.5,0.14187681542901767,0.107319291070815,0.9999999999997055,992,1.0000000000000002,0,0.016611363483581446,0.03654182679389432,0.02437352906602389,0.07815577599260141,0.4113916353897273,0.3379508379173381,0.09426758213288561,6.340827360108309e-05,0.00021048524659369677,0.0004335557034586315,0.0145,0.0382,0.0242,0.0788,0.4161,0.33425,0.0933,0.0001,0.0002,0.00035
48.0,0.14648611989466348,0.13673919415329325,0.9999999999997229,1238,1.0000000000000002,0,0.006319366738421532,0.06856676453151661,0.03322899116518449,0.059454692070680513,0.40539466625760223,0.33290688018172,0.0933006765976892,0.00012525556970220022,0.00020096611189340444,0.0005017407753126769,0.00615,0.0698,0.03145,0.06055,0.41035,0.32845,0.09255,0.0001,0.0002,0.0004
48.5,0.14915352541054083,0.11441238310764379,0.9999999999997217,1613,1.0000000000000002,0,0.0023062422230429864,0.1273979640522816,0.03672847825158618,0.01710290499266451,0.40139225198136125,0.320351128165063,0.09380836980027367,0.00019690050253789128,0.00018217151502956572,0.0005335885158811366,0.0019,0.12725,0.0351,0.0186,0.4056,0.31695,0.0938,0.00015,0.00015,0.0005
49.0,0.1494122161345717,0.10571642273725525,0.999999999999701,644,1.0000000000000002,0,0.0008344204031234106,0.14565449617739656,0.038367720589657296,0.019471751117935233,0.3975303799975913,0.3008355597129709,0.09638941358459972,0.0002656733926110749,0.00014269630178991122,0.0005078887220257098,0.0008,0.14565,0.03655,0.0206,0.40245,0.29735,0.09575,0.00025,0.0002,0.0004
49.5,0.1471618459021553,0.10695568279322797,0.9999999999997121,788,1.0000000000000002,0,0.0006655543661399126,0.16854110106227133,0.0391677438526142,0.021636253027367318,0.3925114501895979,0.27515655068313843,0.10148631704350236,0.00031945920345525434,8.543028868716447e-05,0.00043014028293818815,0.00075,0.1697,0.0373,0.02225,0.39795,0.2711,0.10025,0.00025,5e-05,0.0004
50.0,0.14299444176261616,0.11157532634709127,0.9999999999997176,890,1.0000000000000002,0,0.0012979792657302476,0.19549558983678367,0.03945995927401224,0.02314218654424906,0.38537969962926455,0.2451509171470533,0.10933624670167826,0.00035301179502410896,3.1987967690910615e-05,0.0003524218382312131,0.0015,0.19895,0.0376,0.02305,0.39105,0.23955,0.10775,0.0002,0.0,0.00035
50.5,0.13812517475545444,0.11679153937596602,0.9999999999997213,932,1.0000000000000002,0,0.0024873903039058895,0.22392786700324155,0.03945924468042733,0.02415659430228848,0.37489898005812144,0.2139674547038617,0.12041643549604868,0.00035883110632803784,6.45074646047324e-06,0.0003207515990377314,0.0027,0.22635,0.03745,0.02425,0.3812,0.2095,0.11815,0.00015,0.0,0.00025
51.0,0.13408547767870352,0.12220613898518076,0.9999999999997069,1060,1.0000000000000002,0,0.00406184691104016,0.2512610869693596,0.0392799898879609,0.024678829822177367,0.36088817443320625,0.18475070616039863,0.1343480051776583,0.00033902547963287564,1.8371614663912017e-05,0.000373963543608874,0.00405,0.255,0.0374,0.02445,0.36605,0.1797,0.1328,0.0002,0.0,0.00035
51.5,0.13220878191368837,0.126938397743088,0.9999999999997052,1036,1.0000000000000002,0,0.005947636561275653,0.2751048158327683,0.039029465350003754,0.024822281932258335,0.34352138391789383,0.16006191184071905,0.15066476778564633,0.00030028649601384787,5.623701917470229e-05,0.0004912132639514934,0.00585,0.2773,0.0372,0.02425,0.34995,0.15735,0.1475,5e-05,0.0001,0.00045
52.0,0.13313063667672992,0.1310741461559292,0.9999999999997217,1098,1.0000000000000002,0,0.0081206138445036,0.2950283139046349,0.03879732816405751,0.02469648733547119,0.3235983272447244,0.14048632629641683,0.1683177553763197,0.00024956861427117243,9.646495899304604e-05,0.0006088142603291522,0.00795,0.2963,0.0368,0.0244,0.328,0.13875,0.1671,0.0,5e-05,0.00065
52.5,0.13654899113545338,0.13278429016811338,0.9999999999997162,1083,1.0000000000000002,0,0.010440232041508226,0.31061500964994426,0.03861790242309879,0.024314721454509098,0.30219542212090483,0.1265286915364811,0.18630612304969113,0.0002023903832017561,0.00011030590465545016,0.0006692014357216006,0.0103,0.31055,0.0365,0.02465,0.305,0.12535,0.18685,0.0,0.0001,0.0007
53.0,0.1413864727524683,0.13581453126089726,0.9999999999997119,984,1.0000000000000002,0,0.013289150753169917,0.32260937752260604,0.03841562344709507,0.0242074977598607,0.28103412031039876,0.11588061856114422,0.20364990479928638,0.00015067283447536923,0.00011323645607818074,0.0006497975555971134,0.01315,0.3217,0.0361,0.0248,0.2828,0.11705,0.2036,0.0,0.00015,0.00065
53.5,0.14624935614061801,0.13604094457480082,0.9999999999997253,918,1.0000000000000002,0,0.0163332240456566,0.33069457275013325,0.038117087247991316,0.024173370748747706,0.26125260693657487,0.10933458562748331,0.2193033380281731,0.0001326884773320998,9.00994875472667e-05,0.0005684266500858836,0.0162,0.32915,0.03585,0.02475,0.2619,0.11115,0.22035,5e-05,5e-05,0.00055
54.0,0.1500652605649024,0.1367877926350885,0.9999999999997431,824,1.0000000000000002,0,0.019907060323366105,0.3358653380550032,0.03752774460864886,0.0242662665336529,0.24400897259713852,0.10456245646363176,0.23313513689418602,0.00016041415168318657,6.865762463047677e-05,0.000497952747802089,0.0194,0.33435,0.03535,0.0253,0.24485,0.10685,0.23335,0.0001,5e-05,0.0004
54.5,0.15245966432720645,0.13731478938828628,0.999999999999772,839,1.0000000000000002,0,0.024149756095102316,0.33787117238639736,0.03637325967243541,0.024436021864601837,0.2299222207103816,0.10138945410017747,0.2450585457791595,0.00025122417533062435,6.904358437065353e-05,0.0004793016318151886,0.0231,0.33695,0.0348,0.0253,0.23095,0.1042,0.2439,0.0003,5e-05,0.00045
55.0,0.15384133718098938,0.13704941313588406,0.999999999999762,847,1.0000000000000002,0,0.030008204258320775,0.3366191927894657,0.03366934058788796,0.02465878949986079,0.21926736252126275,0.09939476062285148,0.2553518559757986,0.00039624139570900124,0.00011686561241793058,0.0005173867361869789,0.02775,0.33555,0.033,0.0253,0.22215,0.10105,0.25405,0.00055,5e-05,0.00055
55.5,0.15513535911900572,0.13745389493562987,0.9999999999997389,930,1.0000000000000002,0,0.04328514860719296,0.3321666885425813,0.023670686632669018,0.02500860875221833,0.21211988608972954,0.0979776555734836,0.2644111500630509,0.0005494108443912887,0.00023108860763672873,0.0005796762867850264,0.0409,0.3315,0.024,0.02485,0.21625,0.09875,0.26225,0.0006,0.00015,0.00075
56.0,0.15731649673267634,0.13702894508466848,0.9999999999997502,1085,1.0000000000000002,0,0.05994020330027916,0.3243437922401175,0.010262721426651047,0.02541285638887401,0.20774694583609013,0.09818963498918629,0.2724027142227164,0.0006348581066987126,0.0004600363953427098,0.0006062370937941064,0.0586,0.325,0.00935,0.02535,0.2108,0.09845,0.27045,0.00075,0.00035,0.0009
56.5,0.16104708802822706,0.13715928755282283,0.9999999999997482,771,1.0000000000000002,0,0.05347872473845328,0.31373711841222396,0.02008479775008148,0.026281284820553263,0.20597577371646947,0.0990043236566138,0.27950846870263557,0.000560412503796963,0.0007706338760076266,0.0005984618229129154,0.05245,0.31445,0.01865,0.0264,0.20925,0.0988,0.27795,0.0006,0.0005,0.00095
57.0,0.16657062314154975,0.1381534800139307,0.9999999999997551,621,1.0000000000000002,0,0.05260604136851189,0.30096254272135264,0.02444575453585076,0.027261737199641034,0.20577474608758045,0.10108571353498282,0.2858533012208936,0.0003756351643183845,0.0010876177678514427,0.0005469103987720878,0.0507,0.30125,0.024,0.02775,0.2081,0.1012,0.28495,0.00045,0.00075,0.00085
57.5,0.17367711386122225,0.13890650413479788,0.9999999999997399,477,1.0000000000000002,0,0.05387279479110259,0.2870032858728997,0.026850705733831692,0.02817274899160135,0.20626589899800785,0.10439358724359638,0.29144582133138053,0.0002051305765539588,0.0012948773031735985,0.0004951491575920408,0.0517,0.2878,0.0262,0.0287,0.20855,0.1044,0.2905,0.00015,0.00125,0.00075
58.0,0.18185435169217817,0.13974332651500232,0.9999999999997344,435,1.0000000000000002,0,0.056136273308050294,0.27299471491592725,0.028322866752517196,0.028889845735178537,0.20650425915337492,0.10894641163281311,0.29622518133654346,9.962534279307554e-05,0.0014102724493754936,0.00047054937316116317,0.0534,0.27425,0.0276,0.0296,0.20825,0.10895,0.29595,0.0001,0.00115,0.00075
58.5,0.1904086329995648,0.14123767567501855,0.9999999999997222,411,1.0000000000000002,0,0.058786012400078254,0.2603037877069318,0.029231793823678392,0.02940120081064423,0.20554604844406799,0.11462232108925495,0.3000657499109141,3.841522093175978e-05,0.0015531715718692808,0.0004514990213515207,0.0557,0.2624,0.0287,0.0302,0.20715,0.115,0.29885,0.0001,0.00135,0.00055
59.0,0.19854108430057113,0.14333232601144535,0.9999999999997032,488,1.0000000000000002,0,0.061341298196354505,0.2503069835128069,0.029747172905754144,0.029794666055935344,0.20265419678439203,0.12114967094254032,0.30280543761450046,6.220746954943035e-06,0.001819629446702838,0.0003747237937618182,0.05865,0.2525,0.0293,0.03065,0.205,0.12195,0.2998,0.0,0.00165,0.0005
59.5,0.20539587786980043,0.14425945876229526,0.9999999999996998,468,1.0000000000000002,0,0.0632488881462784,0.24415864480638655,0.02993158349899968,0.030426647881337206,0.1975298500100173,0.12816092082768513,0.30414512293305496,1.4763014608334929e-06,0.0021476502312009304,0.0002492153632788646,0.0607,0.2476,0.02975,0.03045,0.19995,0.1285,0.3008,0.0,0.0019,0.00035
60.0,0.21011846457380387,0.1451093621103727,0.999999999999709,409,1.0000000000000002,0,0.06418894729905256,0.2427881401784012,0.02976882301702757,0.031867600144991286,0.19022375545518505,0.13479420649429535,0.3038577828480358,2.1372870672583847e-05,0.002053554279250907,0.000435817412796836,0.06135,0.2461,0.0299,0.0317,0.1928,0.1346,0.30115,0.0,0.00185,0.00055
60.5,0.21200672274639398,0.14515032048345206,0.9999999999997037,437,1.0000000000000002,0,0.06434195411659141,0.2465222771155968,0.029387062057011883,0.033864246497446286,0.18174318684459384,0.14044140404116834,0.3012291810125097,5.689552314259033e-05,0.0015204383293845466,0.0008933544622582351,0.0618,0.2512,0.02865,0.03395,0.1829,0.1405,0.2989,0.0,0.00145,0.00065
61.0,0.21067911133259978,0.14601447647968194,0.999999999999711,540,1.0000000000000002,0,0.06433196585753806,0.25496767160130884,0.028944304971816374,0.036009371157966964,0.17358084918447503,0.14441807329271428,0.2954360722832411,9.928281830634505e-05,0.001051164416221323,0.0011612444161226254,0.06225,0.26035,0.02815,0.03575,0.1735,0.14615,0.2916,5e-05,0.00105,0.00115
61.5,0.20620319289050315,0.14528702357024287,0.999999999999716,602,1.0000000000000002,0,0.0643351853688632,0.267725560267715,0.028186997092095815,0.03809292104652381,0.16697440962524526,0.14638381940760584,0.2862186430155116,0.00012837618531139433,0.000749381835895747,0.0012047061549483847,0.0616,0.27395,0.02745,0.03805,0.1664,0.14815,0.2827,5e-05,0.0007,0.00095
62.0,0.19908764850464322,0.1448525056438963,0.9999999999997217,685,1.0000000000000002,0,0.06453088189400157,0.2833767539478096,0.027255060770835914,0.04003529765139554,0.16289256354679033,0.14639497490551984,0.2736261080674817,0.00014118270431544912,0.0005950754910347397,0.0011521010205369012,0.0618,0.2909,0.0265,0.0397,0.1612,0.14845,0.26995,5e-05,0.00055,0.0009
62.5,0.19015702356668768,0.1453456726962902,0.9999999999997189,719,1.0000000000000002,0,0.064978610929934,0.3003364446164635,0.026170222814388598,0.0419175887262338,0.16066767318763625,0.1450967256201997,0.2590581904943326,0.0001394816140482576,0.0005471337931613081,0.0010879282033210153,0.0618,0.30685,0.0255,0.0423,0.1587,0.14825,0.2551,0.0,0.0006,0.0009
63.0,0.18030923469293308,0.14470951271561966,0.9999999999997063,668,1.0000000000000002,0,0.06567804054079439,0.31687007042633075,0.02488497137434734,0.0438172909763835,0.15815972064058412,0.14367856012050065,0.24519141088190705,0.00012875337119211712,0.0005602030141280356,0.0010309786535384162,0.06155,0.3243,0.0243,0.04405,0.1563,0.1457,0.2423,0.0,0.00065,0.00085
63.5,0.17028967839994613,0.14608235554841645,0.9999999999997141,774,1.0000000000000002,0,0.06685828057582437,0.33183735026334027,0.023484585358698136,0.04591492580233782,0.1527917432570388,0.14340207258097046,0.2340822960159847,0.00010560886150862347,0.0005887595820926146,0.0009343777019184421,0.0625,0.3394,0.0231,0.0461,0.1508,0.14445,0.2319,0.0001,0.00085,0.0008
64.0,0.16050071930032292,0.14824778981691347,0.9999999999997138,819,1.0000000000000002,0,0.06849266725630473,0.343625942682121,0.021824772558117295,0.04812937063003789,0.14326833419293675,0.14584714637019594,0.22731855879930093,8.114914333191144e-05,0.0006486247027201503,0.0007634336646471418,0.064,0.351,0.02165,0.0486,0.14045,0.14805,0.2248,5e-05,0.00085,0.00055
64.5,0.15109410414271046,0.15066594025521735,0.9999999999997251,864,1.0000000000000002,0,0.07065687877257686,0.35212783320538105,0.019840336049925574,0.05029465444902449,0.1290609480024635,0.1520872106821366,0.22460901439494965,6.029281790282343e-05,0.0007495191000410252,0.0005133125253235878,0.06605,0.35955,0.0196,0.05095,0.1268,0.1531,0.22265,0.0,0.00085,0.00045
65.0,0.14204597073363592,0.15362453794445438,0.9999999999997329,879,1.0000000000000002,0,0.0733189415161266,0.35768878224619693,0.017324593560950136,0.05244283189418522,0.11053526111663856,0.16229217448477806,0.22514740487451537,5.3747532282396496e-05,0.0009773682192241815,0.00021889455483538979,0.06925,0.3639,0.017,0.0525,0.1088,0.1641,0.2231,5e-05,0.0011,0.0002
65.5,0.13333263442155946,0.15573741463315477,0.9999999999997289,871,1.0000000000000002,0,0.0765761718395587,0.3598602210791624,0.01435957487849921,0.05366851214784157,0.09143991940281322,0.17484434840421345,0.22797651178041403,7.19714571762078e-05,0.0011517381191227252,5.10308909276802e-05,0.07245,0.36735,0.0143,0.0535,0.0895,0.176,0.2257,5e-05,0.00115,0.0
66.0,0.12511046767413456,0.15747007842131994,0.9999999999997292,854,1.0000000000000002,0,0.07931192580950609,0.3598120156018735,0.011940341360134775,0.054239606917530325,0.07434636911120915,0.1869353293749259,0.2319660417837205,0.00011974659060702498,0.0012532575670745982,7.536588314752727e-05,0.07545,0.3665,0.01175,0.05415,0.0731,0.18785,0.23,0.0,0.0011,0.0001
66.5,0.11775493459117206,0.15807567952137405,0.9999999999997067,803,1.0000000000000002,0,0.07394116738495524,0.3581497607294735,0.017749768052899097,0.053936663085966986,0.061953374386533366,0.19665394480669632,0.23593073467700254,0.0002081914178854639,0.001364387564369173,0.00011200789392488994,0.06965,0.3637,0.01765,0.05365,0.06005,0.1991,0.2344,0.0003,0.00125,0.00025
67.0,0.11178964937767095,0.1577099861703613,0.9999999999997111,839,1.0000000000000002,0,0.055996480319857544,0.3556301250573944,0.036557275359829854,0.052512007594966145,0.05430088059103365,0.20419223918579366,0.23894867444909046,0.0003408869437471962,0.001390465658663274,0.00013096483933471736,0.05435,0.3606,0.03365,0.0526,0.0529,0.2068,0.2372,0.00045,0.00125,0.0002
67.5,0.10771524199716646,0.1573867779431993,0.9999999999997082,648,1.0000000000000002,0,0.04349237470312041,0.35240638927422824,0.05085976696021513,0.05023837151184662,0.0511064027568849,0.20905886492735026,0.24093984716935954,0.0004906638609756149,0.0012659672328419352,0.00014135160288572524,0.0423,0.35735,0.04765,0.05065,0.0511,0.21005,0.23915,0.0003,0.00125,0.0002
68.0,0.10587563090590513,0.155397378811583,0.9999999999997051,498,1.0000000000000002,0,0.039017506815044976,0.3497535390126409,0.05884424428526338,0.04545222132344049,0.049865768267235586,0.21513421471072958,0.2401777613723349,0.0005756481543804875,0.0010284897603233913,0.0001506062983114202,0.03805,0.35525,0.0548,0.04585,0.0492,0.21655,0.2387,0.00045,0.00095,0.0002
68.5,0.10633953059840853,0.15336991271097153,0.9999999999997222,455,1.0000000000000002,0,0.03919635089649528,0.3477145267610491,0.06410372361738559,0.03850400750852197,0.05045461669544622,0.22186212920954404,0.23665136831592645,0.0005739150002130725,0.0007846279184671936,0.00015473407667347647,0.03825,0.3535,0.0604,0.0381,0.04905,0.22355,0.2358,0.00055,0.00065,0.00015
69.0,0.1088848266879479,0.15203396871893055,0.9999999999997293,444,1.0000000000000002,0,0.04062296280902603,0.3465670815763074,0.06799611602621783,0.03153686643204497,0.052385353653875935,0.2294254105626675,0.23017099257035514,0.0005439563995671677,0.0006031180181266176,0.00014814195154066046,0.03975,0.35195,0.06495,0.031,0.0514,0.2302,0.22985,0.0004,0.00035,0.00015
69.5,0.11306651298621462,0.15132182327002805,0.999999999999758,403,1.0000000000000002,0,0.04102912574238832,0.34657931521622226,0.07095591764740865,0.026456474468774128,0.0553307128021578,0.2377321279149525,0.22070875854571922,0.0005743223795421046,0.0005021949630247628,0.0001310503195681301,0.0407,0.3518,0.06745,0.02645,0.0537,0.2378,0.22115,0.0005,0.0003,0.00015
70.0,0.11833116034576807,0.1506284669728804,0.9999999999997524,449,1.0000000000000002,0,0.04067586890221528,0.34795975635058163,0.07308014302777918,0.02306314245377126,0.059083650039263434,0.24642349211552442,0.20842372687136804,0.0007096591443109025,0.0004691678701217536,0.00011139322481623337,0.04,0.353,0.07035,0.0227,0.05785,0.24665,0.2084,0.00065,0.00025,0.00015
70.5,0.12413970075852959,0.15070499689064518,0.9999999999997586,481,1.0000000000000002,0,0.04035391667531498,0.3508826173652051,0.07427955618965178,0.020901261467191068,0.06243664241956609,0.2563170011335075,0.1933395129202741,0.0009118049755112151,0.0004784386204956133,9.924823304096445e-05,0.0401,0.3557,0.0712,0.0206,0.0609,0.2567,0.19365,0.00075,0.00025,0.00015
71.0,0.1300597774209685,0.1525596910435907,0.9999999999997413,516,1.0000000000000002,0,0.041091613384247445,0.35505276654706275,0.07420950722414252,0.01986926809849354,0.06787731112074155,0.2631903285993255,0.17697458240262112,0.0011290836100484915,0.0005123467063048582,9.319230675356981e-05,0.04085,0.3595,0.071,0.0198,0.0663,0.26335,0.17785,0.0008,0.0004,0.00015
71.5,0.13574697352172355,0.15585121002822053,0.9999999999997315,686,1.0000000000000002,0,0.04415928782996199,0.36028370606380306,0.07174977821031522,0.020200257864558875,0.07049187989012047,0.2720266517762251,0.15923225314293188,0.0012359663987321933,0.0005354690741153121,8.474974896744985e-05,0.04225,0.36475,0.06975,0.0203,0.0692,0.27205,0.1602,0.0008,0.00065,5e-05
72.0,0.14095808444199964,0.16113511070102512,0.9999999999997229,1080,1.0000000000000002,0,0.052253853743904545,0.36619771531967066,0.064271727319085,0.022115641969937334,0.06622972309220515,0.28541771170614677,0.14166761488615565,0.001233552985605973,0.0005449025247342513,6.755645227731106e-05,0.0498,0.37145,0.06225,0.0224,0.0651,0.28645,0.14115,0.00085,0.00055,0.0
72.5,0.1454944646424839,0.16842580528429468,0.9999999999997174,1812,1.0000000000000002,0,0.06648579202442859,0.3722670770568447,0.050577498894405666,0.02579233491566244,0.03325428461118869,0.3244316372741365,0.1254753612632101,0.0011434608932023914,0.0005313830077855001,4.117005885293603e-05,0.0652,0.3756,0.04805,0.0258,0.0333,0.3255,0.1252,0.00085,0.0005,0.0
73.0,0.14919360434595974,0.1706049395519981,0.9999999999997299,2572,1.0000000000000002,0,0.07776819617300106,0.3781219915953844,0.039493668352053535,0.03110404238848518,0.05489655130792277,0.305311149562017,0.11176498428605842,0.0010260749700246818,0.0004976373469845743,1.5704017798435622e-05,0.07635,0.38055,0.03655,0.03155,0.05115,0.311,0.1117,0.00065,0.0005,0.0
73.5,0.15197684425517083,0.18328089178785953,0.9999999999997489,2339,1.0000000000000002,0,0.08174852102233164,0.3832003091104511,0.03503906262912627,0.03765209269216192,0.12135259669148246,0.23822463831544444,0.10138777112186298,0.0009381686211929836,0.00045477227023204474,2.0675254629767356e-06,0.08055,0.38455,0.0318,0.03805,0.11875,0.24275,0.10245,0.00065,0.00045,0.0
74.0,0.1538907533556607,0.19329073276575753,0.9999999999997637,1118,1.0000000000000002,0,0.08157259124383921,0.3870304825002254,0.033745030893411646,0.04501275048076146,0.11864124465282044,0.23785197448334142,0.09482334670119129,0.0008996484171563452,0.00041959002599536906,3.3406010210469435e-06,0.0804,0.388,0.03105,0.04515,0.1179,0.24115,0.09535,0.0005,0.0005,0.0
74.5,0.15513645567789314,0.2012108981898962,0.9999999999997731,960,1.0000000000000002,0,0.07900733185414605,0.38889080588197705,0.033533293201828004,0.0530381032439791,0.09958843013354475,0.25256152627448103,0.09207087155629883,0.0008897910003900621,0.00040628424426496077,1.3562608863270425e-05,0.0779,0.3889,0.0308,0.0533,0.099,0.25655,0.09255,0.00055,0.00045,0.0
75.0,0.15605567241932217,0.20656372493939237,0.9999999999997555,1044,1.0000000000000002,0,0.07456715668968178,0.3880237429627098,0.03360134902025462,0.06184708459795483,0.07703777956478038,0.2709463574112078,0.09265807882688736,0.0008759967463037386,0.00041814771827059264,2.4306461704758234e-05,0.07315,0.38785,0.0308,0.0613,0.07615,0.27585,0.09395,0.0005,0.0004,5e-05
75.5,0.1570667052800312,0.2117813049845162,0.9999999999997521,969,1.0000000000000002,0,0.06835612733618342,0.38400813168388054,0.033600062277259195,0.07167746682428443,0.056566433376096646,0.2887004663183671,0.09576381511492753,0.0008517221137204412,0.00044580898927742236,2.99659657556159e-05,0.06755,0.38445,0.03085,0.07005,0.05645,0.2932,0.09655,0.0005,0.0004,0.0
76.0,0.1585848847053561,0.21957595023634768,0.9999999999997702,1004,1.0000000000000002,0,0.06035255883818936,0.3755093711016378,0.03348002768852925,0.08383687084338098,0.04102376683217856,0.3039436393495085,0.1005090291516875,0.0008528119897658484,0.0004610094572203768,3.091474767215962e-05,0.06005,0.3758,0.0309,0.08215,0.0422,0.3072,0.1007,0.0005,0.0005,0.0
76.5,0.16095159142534549,0.22366248752052462,0.9999999999997842,999,1.0000000000000002,0,0.05089864467298865,0.366953336050274,0.03274898322536299,0.09555640830961613,0.031033307451653953,0.3157058894348711,0.10567882248871636,0.0009271667307877784,0.0004719018310852966,2.5539804427772157e-05,0.051,0.36695,0.0306,0.09475,0.03165,0.3187,0.10515,0.00075,0.00045,0.0
77.0,0.164427801709357,0.22608955581214235,0.9999999999997766,868,1.0000000000000002,0,0.04043560268858072,0.356861349706144,0.03160673702340746,0.1084971194324495,0.02636194289893926,0.32408794087553483,0.11058054800464868,0.0010966520214831927,0.0004536376235914828,1.8469724997561618e-05,0.04195,0.3574,0.0294,0.1057,0.0279,0.32655,0.10995,0.0008,0.00035,0.0
77.5,0.1691886311429801,0.22916511033858297,0.9999999999997728,825,1.0000000000000002,0,0.030058754865614604,0.3464107571105862,0.029979751020213576,0.12154429108332412,0.025796355311364795,0.32975461884292884,0.11470791325060113,0.0013101431542857267,0.00042616747407736935,1.1247886776323966e-05,0.03095,0.3477,0.02845,0.11855,0.02745,0.3318,0.1138,0.00095,0.0003,5e-05
78.0,0.1753483073570165,0.23209864773544842,0.9999999999997712,858,1.0000000000000002,0,0.021315799589713812,0.3368043371291621,0.027808884914148034,0.13303249959168092,0.027912008322454877,0.33336998849591093,0.11787172615940364,0.0014469908282505437,0.00043224353087738124,5.521438168970352e-06,0.0222,0.33745,0.026,0.1302,0.02955,0.3355,0.1177,0.00105,0.00035,0.0
78.5,0.18296598547159468,0.23491729665927005,0.9999999999997686,769,1.0000000000000002,0,0.015800366990908817,0.3287840032451835,0.025089156198972624,0.14123809413005473,0.03142348117284324,0.33560605574574526,0.12015167428481255,0.001388372236013379,0.0005159795526966602,2.8164425379938965e-06,0.01605,0.32785,0.02385,0.138,0.03275,0.34015,0.12,0.00105,0.0003,0.0
79.0,0.19202697355978443,0.24008348464117635,0.9999999999997775,722,1.0000000000000002,0,0.014730877014986493,0.32250847657230447,0.021859905840229704,0.14490542671741174,0.0353512827490853,0.33706009764368766,0.12177850271090021,0.0011310391965577045,0.0006678369271280062,6.554627486033067e-06,0.015,0.32235,0.02015,0.1423,0.0364,0.3411,0.12115,0.001,0.00055,0.0
79.5,0.20241599223956366,0.2464318887880119,0.9999999999997903,743,1.0000000000000002,0,0.018720459197126272,0.3177143960968848,0.018202877223694718,0.1435453300591853,0.03908311539159287,0.33806144142122463,0.12301456355048757,0.0008654601482961033,0.0007614938097214883,3.086310157646319e-05,0.01935,0.31755,0.01625,0.1399,0.03945,0.3431,0.12275,0.00105,0.0006,0.0
80.0,0.213911721313511,0.25526660166202325,0.9999999999997902,772,1.0000000000000002,0,0.027686113522071284,0.31369350798774076,0.014350013706069966,0.13744925316555243,0.04232569899683605,0.33877076466759243,0.12414083898651111,0.0007472440796233559,0.0006811290058736481,0.00015543588191933521,0.0288,0.3143,0.0118,0.1335,0.0421,0.34395,0.12385,0.0009,0.0007,0.0001
80.5,0.2262376296284755,0.2665073428830995,0.9999999999998054,761,1.0000000000000002,0,0.04096361064909176,0.30917154672536007,0.010527208468928887,0.12795137673901966,0.045029048298950984,0.3394311213472338,0.12524549128152826,0.000687466197495831,0.0004481553888468349,0.0005449749033494209,0.04205,0.30845,0.00895,0.12425,0.04545,0.34445,0.1242,0.0009,0.00075,0.00055
81.0,0.2391314641104874,0.2786965838261177,0.9999999999998008,765,1.0000000000000002,0,0.057477645243442226,0.30318662096541543,0.007166714220379149,0.11674449949262493,0.04735542664774804,0.3398091158391769,0.12630202218587916,0.0005787064353190502,0.00034949317956291996,0.001029755790253144,0.05855,0.3022,0.0061,0.1132,0.04725,0.3449,0.1254,0.00075,0.00055,0.0011
81.5,0.2523917894318872,0.2913784701146036,0.9999999999998066,758,1.0000000000000002,0,0.07568866469862008,0.2946916279844888,0.004844181401755333,0.10586037604366651,0.049676142746471884,0.33969024600298536,0.12723300668727805,0.0004099011675643463,0.0003763253267705348,0.0015295279402057342,0.0772,0.2926,0.00435,0.1024,0.04955,0.3447,0.1267,0.0007,0.00045,0.00135
82.0,0.26590914988536396,0.3039292074213377,0.9999999999998129,762,1.0000000000000002,0,0.09381086253580587,0.2829187013930848,0.004220150987667827,0.09720925457459367,0.05238033315728826,0.33888306203077195,0.12796956445307442,0.00023860466194554016,0.00044710849039650735,0.0019223577151842146,0.09515,0.28185,0.00395,0.09465,0.0512,0.34355,0.1275,0.00015,0.0004,0.0016
82.5,0.2796239626693735,0.31557996500740876,0.9999999999998052,792,1.0000000000000002,0,0.11009449323278152,0.2676154601967724,0.006079107201293281,0.09195301984201397,0.055916731028381086,0.33713634961487365,0.12847668818818245,0.000123346410150246,0.0005133952553368829,0.0020914090300196545,0.11245,0.26685,0.006,0.0879,0.05375,0.34255,0.12835,0.0001,0.00045,0.0016
83.0,0.293431505998648,0.32459529860379355,0.9999999999998006,809,1.0000000000000002,0,0.12278829420778882,0.2492603768473808,0.011519937968257898,0.09004652477933243,0.06079864930790532,0.3341264244178393,0.1288019828150011,8.003351191138946e-05,0.0005340339582967843,0.0020437421860866685,0.1241,0.24905,0.0115,0.08555,0.05815,0.3399,0.1296,0.00015,0.00045,0.00155
83.5,0.3070811847058973,0.3321700813503838,0.9999999999997837,923,1.0000000000000002,0,0.12971363671074115,0.22923219410373707,0.022334168436248747,0.0901338166057474,0.06766144228994353,0.3293989256832185,0.1290712090951042,8.494489887647482e-05,0.0004804646102297331,0.0018891975659369633,0.1314,0.22785,0.0218,0.0864,0.06455,0.33565,0.1302,0.0001,0.00055,0.0015
84.0,0.32012635090831915,0.33746790348314115,0.9999999999997713,1083,1.0000000000000002,0,0.12853467445507127,0.21100814799806933,0.040965820983953086,0.08792902715518006,0.07703176249916169,0.3227824329277625,0.1295286290836223,0.00015243221118741842,0.0003021491385205094,0.0017649235472430433,0.13035,0.20935,0.04045,0.08565,0.0734,0.32865,0.1303,0.0002,0.0003,0.00135
84.5,0.33193994356409734,0.3421564810594313,0.9999999999997655,1375,1.0000000000000002,0,0.11462370990009631,0.19356350256555935,0.07077226899347457,0.08597975159986868,0.09082577515429886,0.3121892003453507,0.13007077279332327,2.4257058433553516e-05,0.00031615331404451664,0.0016346082753156497,0.11565,0.19255,0.07075,0.08345,0.08805,0.3176,0.1303,5e-05,0.00015,0.00145
85.0,0.3417925222500169,0.3436899103609846,0.9999999999997582,1722,1.0000000000000002,0,0.09006421177434674,0.1808691023305627,0.11002789075997883,0.07920235515382248,0.11089889449881843,0.2963882553338164,0.1307603196786866,1.5063284864066507e-05,0.00026445225025961764,0.0015094549346023702,0.08935,0.17935,0.11195,0.07755,0.1079,0.3009,0.1315,0.0,0.0002,0.0013
85.5,0.34904005358209655,0.3409570961956624,0.9999999999997657,1965,1.0000000000000002,0,0.06271534901168783,0.17308465226580894,0.1505690014697508,0.06760506248483425,0.14014832138481473,0.2729503673091603,0.13122208733158622,2.160629524533771e-05,0.0003128304053083593,0.0013707220415689223,0.0622,0.1718,0.15185,0.06725,0.137,0.2753,0.13325,0.0,0.00025,0.0011
86.0,0.3531787344963791,0.3329953967881373,0.9999999999997806,2209,1.0000000000000002,0,0.04044757549880624,0.16780747326906506,0.1842182580717776,0.05394145838789409,0.18268360024520275,0.23841752476609004,0.13073543037770005,3.5431207723885754e-05,0.0004463321024438037,0.001266916073076993,0.039,0.1679,0.18655,0.0524,0.17995,0.2403,0.13235,0.0,0.0003,0.00125
86.5,0.3538893600876308,0.32102414355596476,0.9999999999997864,2320,1.0000000000000002,0,0.025294346388337975,0.16068546274007076,0.20874020233189214,0.04297399698473046,0.2419367597671439,0.18994299503944428,0.12852371018181813,3.747333506863151e-05,0.0005850965101789284,0.0012799567211012207,0.0236,0.15905,0.2125,0.041,0.2375,0.1924,0.1325,0.0,0.0004,0.00105
87.0,0.3510306926236493,0.312064497521022,0.9999999999997864,2439,1.0000000000000002,0,0.015647081570569498,0.14884139436577512,0.2256086159060678,0.03799587563728281,0.3145575449133674,0.13051556108298826,0.12473258178176218,2.2392861837508496e-05,0.0006439337872611927,0.001435018092874596,0.0136,0.14505,0.2303,0.03725,0.3132,0.13075,0.128,0.0,0.0005,0.00135
87.5,0.3446485626400376,0.3066386855643389,0.9999999999997878,1971,1.0000000000000002,0,0.009331939935090142,0.13407645979632896,0.2367520417060559,0.038106062474980114,0.37983280240984496,0.07935642238866746,0.12031392916559618,1.11515914037074e-05,0.0005747150357978536,0.0016444754960225477,0.00735,0.13055,0.2419,0.0369,0.37605,0.0782,0.1269,0.0,0.0006,0.00155
88.0,0.33502326853128,0.3057922745083731,0.9999999999997793,1214,1.0000000000000002,0,0.005544688473169608,0.11871758974367028,0.24381648640466239,0.04049429767234995,0.41500525464740495,0.05575901514960091,0.11842347097627419,1.4995797139951532e-05,0.00043852931675725243,0.0017856718187496319,0.00385,0.1151,0.24965,0.0397,0.41195,0.05495,0.1228,0.0,0.00035,0.00165
88.5,0.3227521595489043,0.3073933040027321,0.9999999999997888,697,1.0000000000000002,0,0.007929221305388093,0.10426569176621556,0.24796639576791799,0.039147700309858854,0.4173563867483246,0.05624297215873999,0.124938307401011,3.392307069307013e-05,0.0003142376694318646,0.0018051638022077697,0.0062,0.0998,0.25315,0.03885,0.4158,0.0558,0.12855,5e-05,0.00025,0.00155
89.0,0.3088368180573854,0.310332656894038,0.9999999999997728,1262,1.0000000000000002,0,0.01811071583850793,0.09162882384266016,0.24977668162592462,0.03126922036526702,0.3909211336044595,0.06815573960936418,0.1480822302501949,4.977096941614637e-05,0.0002546186014363009,0.0017510652925418232,0.0168,0.0882,0.2551,0.03025,0.38945,0.0676,0.15095,5e-05,0.00015,0.00145
89.5,0.2946955633902998,0.31302921666473427,0.9999999999997649,1919,1.0000000000000002,0,0.02564349634631299,0.0811462184643538,0.2497477536282255,0.026805761200375793,0.3286661575578967,0.08334496065024952,0.20264828474354465,4.674707492073419e-05,0.0002446178584169442,0.001706002475468207,0.0251,0.0786,0.25505,0.02495,0.32575,0.083,0.2059,0.0001,0.0002,0.00135
90.0,0.28199831102511097,0.3154498779228371,0.9999999999997768,2656,1.0000000000000002,0,0.029820662895312117,0.07211790788188374,0.24850829198662394,0.02656662561325797,0.22719419610297625,0.09708866401466852,0.29675310576168856,2.7190635745975892e-05,0.00023202694176591818,0.0016913281658536591,0.0289,0.06935,0.2538,0.0256,0.22375,0.0974,0.29985,5e-05,5e-05,0.00125
90.5,0.27239517880983705,0.3173969582805296,0.9999999999997584,2631,1.0000000000000002,0,0.03244826289391472,0.0635842435289059,0.24648044450234552,0.02949321228666443,0.12920875352388272,0.108378584829825,0.38853283853084764,8.757538683676918e-06,0.00018228013319634073,0.0016826222314922,0.0316,0.0617,0.2523,0.0277,0.1265,0.10875,0.3901,0.0,0.0001,0.00125
91.0,0.26718844736362474,0.3211830780793926,0.9999999999997529,1749,1.0000000000000002,0,0.03424395795245687,0.05430655951499672,0.24404211893811914,0.035506871403504454,0.07439139628797865,0.11681358381400675,0.4388952288789994,3.4006019170713407e-06,0.00011733380421335929,0.001679548803560254,0.03265,0.05245,0.24975,0.03385,0.0744,0.1185,0.4371,0.0,0.0001,0.0012
91.5,0.2669770021098356,0.3267092593724945,0.999999999999782,1177,1.0000000000000002,0,0.03589038696355228,0.043587948206350015,0.24132294288577183,0.044560446713387714,0.049387313803326886,0.12267055466331242,0.46078118647491895,7.165858008918943e-06,7.372263741198723e-05,0.0017183317937409942,0.03465,0.0422,0.2473,0.04215,0.04995,0.1249,0.4576,0.0,5e-05,0.0012
92.0,0.2715764556901688,0.3258830082197826,0.9999999999997673,683,1.0000000000000002,0,0.03721073158276663,0.0405641171677046,0.23866528621560829,0.04685454526163116,0.037817515345410405,0.12583515650389238,0.4711401555072825,6.658358725721673e-06,9.298732201655903e-05,0.0018128467347289516,0.03585,0.0387,0.2445,0.04505,0.03745,0.1276,0.4695,0.0,0.0001,0.00125
92.5,0.27986349888851325,0.323948134070155,0.9999999999997559,441,1.0000000000000002,0,0.03887930850283542,0.040406120441475894,0.23594283141045247,0.04652296481137878,0.03212981420197452,0.1265828293585853,0.47744860237348863,8.879631824796718e-07,0.00016727917874641632,0.001919361757635912,0.03745,0.0386,0.24125,0.0448,0.0308,0.12935,0.4761,0.0,0.0001,0.00155
93.0,0.2901389229574248,0.3217031612814815,0.999999999999739,331,1.0000000000000002,0,0.040517730739806905,0.04354823544889213,0.23368652718251692,0.043029527469666616,0.0293144818096244,0.12492704031949785,0.4828492572702401,3.6256587490354403e-06,0.00023279166805134202,0.001890782432693537,0.03935,0.0418,0.2387,0.0418,0.0282,0.1273,0.4812,0.0,0.0001,0.00155
93.5,0.3004002108985401,0.318623680290688,0.9999999999997461,344,1.0000000000000002,0,0.04213483979023802,0.04709426501098778,0.23207705890367405,0.03904158837580462,0.028183405936536402,0.12093249388868718,0.4885807678669215,2.328008928443563e-05,0.00024631400044679785,0.001685986137165149,0.0413,0.0451,0.23665,0.03805,0.0273,0.12325,0.48675,5e-05,0.00015,0.0014
94.0,0.30878063773800973,0.31527663008954326,0.9999999999997473,367,1.0000000000000002,0,0.04353993398841989,0.04980991916119323,0.23122619489833862,0.0357512363620956,0.028147054292928807,0.11470112257644087,0.4951567870032265,4.419529155093256e-05,0.00020749570380918062,0.0014160607217438437,0.0428,0.04845,0.236,0.03405,0.0265,0.11745,0.49355,0.0,0.00015,0.00105
94.5,0.31393659979944033,0.3136537223158935,0.9999999999997502,340,1.0000000000000002,0,0.04444037334360487,0.051559918880719105,0.23117448583316452,0.03335055735213311,0.028948940090149335,0.10640685255292669,0.5026341011471072,4.7340537560065476e-05,0.00014853869191140464,0.0012888915704738807,0.0437,0.04995,0.2359,0.0321,0.02755,0.10935,0.50035,5e-05,0.0001,0.00095
95.0,0.31533124167683685,0.312561137913675,0.9999999999997419,410,1.0000000000000002,0,0.04451868614420602,0.052589514582072665,0.23197664908462112,0.031711337758479355,0.03048985910494913,0.0964217237678064,0.5107158054445675,3.977680015887384e-05,9.408893293690961e-05,0.0014425583799437583,0.044,0.0518,0.23685,0.03005,0.02855,0.098,0.5096,5e-05,0.0,0.0011
95.5,0.3133323613725533,0.3129879494507288,0.9999999999997627,386,1.0000000000000002,0,0.043512145567307245,0.05320896417468921,0.233721793483814,0.030673133691786824,0.03270085524905941,0.08546380262509684,0.5187977373400618,5.1555502993973645e-05,4.807575147806463e-05,0.0018219366134751799,0.0432,0.05205,0.2385,0.02945,0.0306,0.08665,0.51785,0.0001,0.0,0.0016
96.0,0.30908433415909486,0.3138064201141226,0.9999999999997471,384,1.0000000000000002,0,0.04127367626108015,0.053663983409896164,0.23643413280875988,0.030153972463209604,0.03543031217186968,0.07477529445895001,0.5259432162020639,0.00010314218548701008,1.2294243784416161e-05,0.0022099757946462545,0.041,0.0519,0.24185,0.0288,0.0331,0.0761,0.525,0.0001,0.0,0.00215
96.5,0.3041868879926526,0.31419032002762276,0.9999999999997706,366,1.0000000000000002,0,0.03782048146544466,0.054094480135957766,0.23988494333275698,0.030184241281175014,0.03831856103814925,0.06627512723549356,0.5308495687191249,0.00018016285036232004,3.6623760438548654e-06,0.0023887715652621236,0.0374,0.0526,0.2458,0.0286,0.0362,0.06715,0.52975,0.0002,0.0,0.0023
97.0,0.30027962384304474,0.31421636433961175,0.9999999999997895,275,1.0000000000000002,0,0.0330658048162462,0.054607589675245455,0.2436452615997555,0.03096006102735062,0.040681529276156196,0.0624915829571831,0.5319626400442047,0.00024178930010887743,4.695811916788789e-05,0.002296783184371165,0.0337,0.05325,0.24905,0.02905,0.0378,0.0626,0.53215,0.00025,0.0001,0.00205
97.5,0.2986744003021391,0.31400078490006,0.9999999999997644,296,1.0000000000000002,0,0.028313013569846134,0.05495077634293019,0.24608449876900879,0.03269060438121283,0.04197559674194923,0.06619729002096714,0.5273298112367427,0.0002615689914999173,0.00013366857787628421,0.002063171367731256,0.02935,0.0535,0.25135,0.03045,0.0391,0.0661,0.52765,0.0002,0.0003,0.002
98.0,0.30011328342708077,0.31258876348739206,0.9999999999997633,524,1.0000000000000002,0,0.023093884127685076,0.05522877659997985,0.24634803935512764,0.036289910859671544,0.041952837927847535,0.07869516947131021,0.5160372840848285,0.0003063232911341472,0.0002387217421775213,0.001809052540001317,0.02445,0.0543,0.2505,0.03415,0.03915,0.0787,0.51615,0.00025,0.00045,0.0019
98.5,0.3046613229685311,0.3118905236534701,0.9999999999997904,764,1.0000000000000002,0,0.019421015677269275,0.05529143698969842,0.24284568138394258,0.04148523760836424,0.040360504734706926,0.10036704670595001,0.4978451018328,0.001283459106194787,0.0003103707606947921,0.0007901452001692474,0.02095,0.0543,0.24665,0.03995,0.03835,0.1011,0.4959,0.0017,0.0005,0.0006
99.0,0.31177530523024394,0.3095769323167916,0.9999999999997793,908,1.0000000000000002,0,0.022948757797847927,0.05519329402251392,0.2333984121311456,0.045009982899018856,0.03880090759734683,0.12812561900666739,0.4740344443378732,0.0018918892516904542,0.00032781292598203223,0.00026888002969313097,0.02405,0.05465,0.23735,0.04305,0.0369,0.1307,0.47015,0.00245,0.00055,0.00015
99.5,0.3204517040887653,0.3078175108979744,0.9999999999997655,1254,1.0000000000000002,0,0.04519660490826667,0.055009921963138836,0.21336157212136772,0.04040190093949729,0.03785277635130227,0.15891894609119178,0.446715018727793,0.0020958390893898705,0.0003015021488748545,0.0001459176589429397,0.04355,0.05395,0.2181,0.04075,0.03625,0.16105,0.44305,0.0028,0.00045,5e-05
