frame,time_fs,epsilon_d_eV,epsilon_a_eV,gap_eV,coupling_real_eV,coupling_imag_eV,coupling_abs_eV,donor_c60_population,acceptor_c60_population,donor_transport_overlap,acceptor_transport_overlap,donor_residual_eV,acceptor_residual_eV,donor_back_residual_eV
0,0.0,-3.5330909741162215,-2.9098059439242174,0.6232850301920042,0.025844574326879442,0.0,0.025844574326879442,0.0019419651130065942,0.9916049277211498,1.0,1.0,0.019706127540272775,0.4232197364798982,0.12251553257882246
1,0.5,-3.522143213668219,-2.9231937747294015,0.5989494389388176,0.026245273788654284,0.0,0.026245273788654284,0.0019960269421924804,0.9917535477549145,0.9999999465180477,0.9989887721949988,0.020413354616614608,0.42796997521885066,0.11888431789353415
2,1.0,-3.510162570039075,-2.940058673559423,0.5701038964796519,0.026628581425340463,0.0,0.026628581425340463,0.002054715229001533,0.991855513120364,0.9999999377228724,0.9989029245118594,0.023541636381644217,0.433526013738923,0.11468266962991049
3,1.5,-3.4974458514077393,-2.9599595405304338,0.5374863108773055,0.02699688634566893,0.0,0.02699688634566893,0.00211742756696141,0.9919140283943172,0.9999999306084425,0.998809452809228,0.028410558007094994,0.4392472533133869,0.10996507555713657
4,2.0,-3.4844104834408323,-2.9829496690011066,0.5014608144397253,0.027370514442736645,0.0,0.027370514442736645,0.002182066948458212,0.9919257556599579,0.9999999208872239,0.9987328362866155,0.03450918397692079,0.4449562015688133,0.10475970252349133
5,2.5,-3.4706850106294915,-3.0078425606937733,0.4628424499357183,0.02775089880829545,0.0,0.02775089880829545,0.0022471807617564592,0.9918937377782419,0.9999999108143771,0.998698595304522,0.041280530285938845,0.4501234915980175,0.09919656953872649
6,3.0,-3.45637073168208,-3.0336937302979794,0.4226770013841008,0.028128820079778637,0.0,0.028128820079778637,0.0023103139516660624,0.9918256721468351,0.999999903014762,0.9987282898816778,0.048347899890182296,0.4545386861603031,0.09345081000561832
7,3.5,-3.4421998535321645,-3.059960193252196,0.38223966027996875,0.028502544356469785,0.0,0.028502544356469785,0.002369591488677448,0.9917277762186215,0.9999998968418514,0.9987787497105383,0.05544330851332057,0.4580361035119742,0.08762681937723521
8,4.0,-3.428418391256825,-3.085741504597837,0.3426768866589879,0.02886981890179304,0.0,0.02886981890179304,0.0024231236801745075,0.9916073367347837,0.9999998933325444,0.9988654454714501,0.06231241658444568,0.46057157829751433,0.08187886125156724
9,4.5,-3.414851228971021,-3.110325655993657,0.3045255729773637,0.029212103039402037,0.0,0.029212103039402037,0.002470882115259635,0.991474177264066,0.9999998980934858,0.9989830081389461,0.0689251041989464,0.4625092895430055,0.07637516370260607
10,5.0,-3.4025441062351183,-3.133056097927778,0.2694880083073401,0.029542122137302843,0.0,0.029542122137302843,0.0025089326981614195,0.9913314019002017,0.9999999000746828,0.9991137904739932,0.07481655871363503,0.4637669836354556,0.07120852895481454
11,5.5,-3.3914527493321076,-3.153447214699879,0.23800553463222857,0.02983921287120196,0.0,0.02983921287120196,0.0025373892102891885,0.9911887284889718,0.999999909255282,0.9992588710751152,0.07995409119224708,0.4646491000493303,0.06651438549655077
12,6.0,-3.381774515256309,-3.171258296262221,0.2105162189940879,0.030091505831519583,0.0,0.030091505831519583,0.002556007619315577,0.991052799223321,0.9999999214891185,0.9994020183248208,0.08421800128641703,0.46532309098171476,0.06237500345933956
13,6.5,-3.3737029234457334,-3.1864387937282697,0.18726412971746348,0.03028784073723048,0.0,0.03028784073723048,0.0025649425533750916,0.9909283011229925,0.9999999346134717,0.9995315008497853,0.08751705657529152,0.4658968836669753,0.05882941956252068
14,7.0,-3.3673912338680734,-3.1990736474504007,0.16831758641767242,0.030418524600033088,0.0,0.030418524600033088,0.002564745238854756,0.990818139120114,0.9999999465905159,0.9996397695618058,0.08979679037897388,0.46641411080831263,0.055879358980539987
15,7.5,-3.362916356400259,-3.2093021645513633,0.15361419184889555,0.03047545077631753,0.0,0.03047545077631753,0.002556225636353758,0.9907240322758535,0.9999999557801635,0.9997236210089593,0.09104466490033512,0.4668580605797035,0.05349999299834366
16,8.0,-3.3608734158085865,-3.2176313001277452,0.1432421156808412,0.03045887681160566,0.0,0.03045887681160566,0.0025403278582330447,0.9906413938867311,0.9999999603800829,0.9997790940954266,0.09132300047236026,0.4672533802604225,0.05160028778717574
17,8.5,-3.360017022470688,-3.2233744521613734,0.13664257030931468,0.030362340048615405,0.0,0.030362340048615405,0.002518534919587979,0.9905755304896319,0.9999999626721433,0.9998152366731953,0.09066355158269843,0.46749884187974267,0.05020395983847363
18,9.0,-3.3609547572438903,-3.227029719552997,0.1339250376908935,0.030189443374320515,0.0,0.030189443374320515,0.00249155193614115,0.9905234656445939,0.9999999605653573,0.9998302728673245,0.08928663542500778,0.4675824822691945,0.04921841464794797
19,9.5,-3.3637656704305017,-3.2287285757549586,0.13503709467554315,0.029946476498826622,0.0,0.029946476498826622,0.0024601768538563534,0.9904851397476884,0.9999999554532614,0.9998303739362999,0.087443157044996,0.46751944224456116,0.04859513380331832
20,10.0,-3.368347501901658,-3.228433361165899,0.13991414073575914,0.029639473143196007,0.0,0.029639473143196007,0.0024251892618777043,0.990461729871759,0.9999999483230407,0.9998197271781311,0.08542195902939494,0.46731684358912,0.04830422924093247
21,10.5,-3.3737547133011248,-3.2254423693417698,0.14831234395935505,0.029272378985454164,0.0,0.029272378985454164,0.002387800540451859,0.990460372145626,0.9999999403128358,0.9997875369045758,0.0835567494965182,0.46693700410297806,0.048348976967580976
22,11.0,-3.381529439513216,-3.2208873359300703,0.16064210358314565,0.028853819671611044,0.0,0.028853819671611044,0.0023479878381065696,0.9904671852254222,0.999999933241177,0.9997769515502126,0.08208231887067684,0.4665364624176028,0.04865392732189232
23,11.5,-3.3911367644618626,-3.214597846505253,0.17653891795660975,0.028402435353593224,0.0,0.028402435353593224,0.0023076182624406152,0.9904958191481241,0.9999999236722893,0.9997397016396723,0.08128819465569848,0.4661611251227606,0.04921648156870462
24,12.0,-3.401864661710905,-3.2060223110519392,0.1958423506589659,0.027916668204206258,0.0,0.027916668204206258,0.0022677106214041517,0.990545837398863,0.999999915061991,0.9996916643596316,0.08128728972139647,0.46577536216923915,0.05002908002282067
25,12.5,-3.4137417274401862,-3.1952235198749412,0.21851820756524507,0.027415694888342088,0.0,0.027415694888342088,0.0022295739554202836,0.9906170909060015,0.9999999083674425,0.9996312454897256,0.0821468472283633,0.4654900897913191,0.05105152976624327
26,13.0,-3.427196663973782,-3.18253335341755,0.2446633105562319,0.026919022653303502,0.0,0.026919022653303502,0.002194453418204365,0.9907040532685865,0.9999999039818493,0.9995804112043474,0.08382451507419617,0.4654087152021305,0.052191593470715274
27,13.5,-3.4408589581771776,-3.166988049900714,0.2738709082764636,0.02641832322188267,0.0,0.02641832322188267,0.002162411253288394,0.9908120611233683,0.9999999007362287,0.9994986843977682,0.08619285304804125,0.46542729230274965,0.05352833985454489
28,14.0,-3.4540677771445556,-3.1482018657243414,0.30586591142021424,0.02593364122217892,0.0,0.02593364122217892,0.0021353025711566545,0.990941100318637,0.9999998983236937,0.9994041395772529,0.08906689000989745,0.46545480052580446,0.05500013041765872
29,14.5,-3.4686154970423644,-3.127697872363262,0.3409176246791026,0.025481356320814233,0.0,0.025481356320814233,0.00211334177104236,0.9910787117638165,0.99999989917434,0.999359406740871,0.09224831492822157,0.465544376801224,0.056437882598512935
30,15.0,-3.483101859502775,-3.104628074039592,0.37847378546318333,0.025063153788197644,0.0,0.025063153788197644,0.0020975951070164654,0.9912300464343963,0.9999998964051404,0.9992864973922585,0.09550676529944266,0.4653132020969379,0.05782796489906654
31,15.5,-3.496492571526286,-3.079065882337544,0.4174266891887421,0.024702555284931184,0.0,0.024702555284931184,0.0020875981773765587,0.9913927921955019,0.9999999014741349,0.9992499954555121,0.09873401302258807,0.4645865665122772,0.059193540516628076
32,16.0,-3.508277228436853,-3.051229855152291,0.45704737328456213,0.024404044703576093,0.0,0.024404044703576093,0.0020836112322620516,0.9915654678404038,0.999999905510029,0.9992230874507793,0.10181834334605701,0.46310292299468275,0.060475902932116715
33,16.5,-3.5196940898803364,-3.0231295806395826,0.49656450924075374,0.02418049761717091,0.0,0.02418049761717091,0.0020844859943714234,0.9917375155254824,0.9999999162908276,0.9992782396741549,0.10467183102038886,0.4610155854634103,0.0615782650314213
34,17.0,-3.5295276580920163,-2.9941101312057183,0.535417526886298,0.024023745316443957,0.0,0.024023745316443957,0.002092256035941556,0.9919121639554567,0.9999999187924669,0.9993139451962689,0.10715463805139125,0.4576292302953848,0.06234066369822571
35,17.5,-3.5393348433214267,-2.9675098312943367,0.5718250120270901,0.023920298124474486,0.0,0.023920298124474486,0.0021058884731091775,0.9920777283943749,0.9999999297204264,0.999410943644556,0.10941729836207176,0.45412938095610367,0.06270138690453875
36,18.0,-3.547426305472996,-2.9418803824128057,0.6055459230601902,0.023878416561308433,0.0,0.023878416561308433,0.0021249648914446525,0.9922381279811323,0.999999935847597,0.9994869587761763,0.11130910665844805,0.4499228981009705,0.06269409939942779
37,18.5,-3.554237496728925,-2.9183994802965474,0.635838016432378,0.02389169304639521,0.0,0.02389169304639521,0.002149164132271498,0.9923869549618919,0.9999999425109859,0.999564036691796,0.1128858835653199,0.44559976358901127,0.06229263338988729
38,19.0,-3.559890744465076,-2.897533420686374,0.6623573237787022,0.02395916240936431,0.0,0.02395916240936431,0.0021780257935588906,0.9925180497449434,0.9999999480015314,0.9996284236920344,0.11417282393587565,0.44155403773310953,0.06150646282383543
39,19.5,-3.5644482237285593,-2.8794961924685305,0.6849520312600288,0.02408080543851822,0.0,0.02408080543851822,0.0022110890747950524,0.992624725228221,0.9999999518037564,0.9996756535160443,0.11521022018417537,0.43811756359452886,0.06036227620684036
40,20.0,-3.567941958418089,-2.8643526822784398,0.7035892761396494,0.02425646645992803,0.0,0.02425646645992803,0.002247910488371986,0.992700345727216,0.9999999535747118,0.9997039756854668,0.11606222166168574,0.43553843443866286,0.05889354273395343
41,20.5,-3.5703831773819696,-2.852094206344717,0.7182889710372523,0.02448492634511555,0.0,0.02448492634511555,0.002288080636306722,0.9927391742002671,0.9999999530068511,0.999712438123177,0.11682199651123173,0.43396458465585946,0.057131516651352944
42,21.0,-3.5717770779421922,-2.842699229317059,0.7290778486251329,0.02476331893866891,0.0,0.02476331893866891,0.0023312171609825207,0.9927370832195396,0.999999949815231,0.9997005622401496,0.11761086934701065,0.4334408766003894,0.05509993833993453
43,21.5,-3.5721390350881825,-2.8361695897717234,0.7359694453164592,0.02508699399966753,0.0,0.02508699399966753,0.0023769342966337022,0.9926919352813991,0.9999999437495538,0.9996689286913892,0.11856880339024886,0.4339175906851686,0.052814035089627814
44,22.0,-3.5715009219010603,-2.832534992297869,0.7389659296031912,0.025450772231957703,0.0,0.025450772231957703,0.0024248215887140725,0.9926035303548696,0.9999999343968301,0.9996191898884272,0.11983822027319964,0.435269633187328,0.05028221883458579
45,22.5,-3.569690199777642,-2.831860210386594,0.7378299893910479,0.02587437658092238,0.0,0.02587437658092238,0.002475996826485672,0.9924767954355823,0.9999999191961155,0.9995339568719201,0.12152095410280696,0.437238444940329,0.04745016250140279
46,23.0,-3.5674742056284217,-2.8340870050307876,0.7333872005976342,0.026293213368860133,0.0,0.026293213368860133,0.002525506801935763,0.9923043808078976,0.9999999042580612,0.9994936284548347,0.12377382493934333,0.43983895981711413,0.0444968674280854
47,23.5,-3.5639937093906155,-2.8390620764420853,0.7249316329485304,0.02675298122652988,0.0,0.02675298122652988,0.002576632506583165,0.9921012017288005,0.999999885282663,0.9994026158484328,0.12654393607680323,0.44255883808259733,0.041297411586616165
48,24.0,-3.560017262986585,-2.846717571277519,0.7132996917090664,0.027228274703711954,0.0,0.027228274703711954,0.002627166296880382,0.9918675336932974,0.9999998640183493,0.999324128322358,0.12980701985199855,0.4452271507349424,0.03791021084656184
49,24.5,-3.5553564416081307,-2.856509126840384,0.6988473147677468,0.027709261034092724,0.0,0.027709261034092724,0.002675878926578666,0.9916085937857612,0.9999998424222364,0.9992648377639526,0.13348369040489821,0.4475897067051137,0.03441191750729644
50,25.0,-3.550056923748326,-2.8678784173393597,0.6821785064089664,0.028185662129292518,0.0,0.028185662129292518,0.0027215975294176058,0.9913294703543517,0.9999998220175713,0.9992276005878297,0.13744456296357613,0.4494497486279628,0.030881150859805886
51,25.5,-3.5442015271627194,-2.8802157648764144,0.663985762286305,0.028647997359522115,0.0,0.028647997359522115,0.0027632291740022894,0.9910356497820357,0.9999998044409424,0.9992179623883576,0.14152750434339226,0.45068674989287905,0.02741448038142569
52,26.0,-3.538305034365664,-2.8925896680967966,0.6457153662688673,0.029054772341398905,0.0,0.029054772341398905,0.002799008010301113,0.9907305207892488,0.9999997911714327,0.9992313716131361,0.14546451411171568,0.45105727785972183,0.024078369973447106
53,26.5,-3.531631218754652,-2.9049688720228586,0.6266623467317933,0.029462060034148415,0.0,0.029462060034148415,0.002830127698141771,0.9904243601529936,0.9999997825810173,0.9992819296552782,0.14925114134483414,0.4509729545070659,0.021074720131236842
54,27.0,-3.524146727128269,-2.916572066610616,0.6075746605176527,0.029825418043434512,0.0,0.029825418043434512,0.0028549460961754002,0.99013190587269,0.9999997808003891,0.9993847296345902,0.15261057798146901,0.45034491748856786,0.01854853788074557
55,27.5,-3.5181316191433116,-2.9280051166111734,0.590126502532138,0.030127226673996976,0.0,0.030127226673996976,0.00287440493832791,0.9898422894885625,0.9999997783448731,0.9994290878283677,0.155437100099541,0.4495633582431128,0.016418044523954484
56,28.0,-3.5115287375838635,-2.937578599631362,0.5739501379525015,0.030344673887518728,0.0,0.030344673887518728,0.002887167104134015,0.9895761982130673,0.9999997875633647,0.9995471563372853,0.15747065282520678,0.4482530973881485,0.014879509505344968
57,28.5,-3.5051152247036708,-2.9458494709228935,0.5592657537807773,0.03047941004623121,0.0,0.03047941004623121,0.0028941510764772804,0.9893353495896262,0.9999997995157721,0.999646524335731,0.15864146164963322,0.4467384171150084,0.013871755040908016
58,29.0,-3.4990798738536384,-2.95290150072489,0.5461783731287478,0.030529629558975684,0.0,0.030529629558975684,0.0028959626350544545,0.9891235510146164,0.999999815582703,0.9997380380982163,0.15885843466321095,0.44513546092232426,0.013296152903472584
59,29.5,-3.4935181937750426,-2.9588268046398625,0.5346913891351804,0.03049635575514308,0.0,0.03049635575514308,0.0028932243361547727,0.9889438403122889,0.9999998353403374,0.9998180598634754,0.1580629019922856,0.44352188461944864,0.013003924591190479
60,30.0,-3.4884855350852124,-2.96372764374204,0.5247578913431721,0.03038183832636296,0.0,0.03038183832636296,0.002886522515811416,0.988798489794205,0.9999998578332896,0.9998821926482082,0.15623342469780788,0.4419543479279927,0.012836674138759593
61,30.5,-3.484002782902038,-2.967681020321101,0.5163217625809372,0.030187596031402354,0.0,0.030187596031402354,0.002876307351597669,0.9886893186387439,0.9999998817309782,0.9999263057736233,0.15338550388993305,0.44046538313520794,0.012664834515296377
62,31.0,-3.4791136545910444,-2.970356808319329,0.5087568462717152,0.029936754811195853,0.0,0.029936754811195853,0.002863340696454654,0.9886261220110116,0.9999999078069441,0.9999500835884308,0.1496377225017736,0.43908803234408844,0.01240800648061445
63,31.5,-3.4760900268516806,-2.9727761460927558,0.5033138807589246,0.029595199467383617,0.0,0.029595199467383617,0.002846998669645582,0.9885887755158455,0.9999999273383067,0.9999380598667887,0.14498948714265894,0.43788747010447454,0.012060421194542061
64,32.0,-3.4740029507546777,-2.974455411614379,0.4995475391402991,0.02916469779547573,0.0,0.02916469779547573,0.0028267776963749798,0.9885867433655007,0.9999999457633492,0.9998974614455768,0.13957055239487132,0.43671047297579724,0.011659737037772434
65,32.5,-3.4719384628268464,-2.975058406045968,0.49688005678087843,0.02866595826185746,0.0,0.02866595826185746,0.0028031649400910063,0.9886291212463079,0.9999999627141589,0.9998180877354308,0.13353485568993,0.435460714536428,0.011343923247672012
66,33.0,-3.4695700275460535,-2.974953055794638,0.4946169717514157,0.028133583460765874,0.0,0.028133583460765874,0.0027790377766820605,0.9887226859121485,0.999999976049017,0.9996878387944835,0.12697661049375533,0.4341705895866987,0.011390784214121886
67,33.5,-3.4687400542994737,-2.9746557234742643,0.49408433082520936,0.02754640735371187,0.0,0.02754640735371187,0.002749568926049981,0.9888333121278133,0.9999999808362114,0.9995297382259841,0.12028519837789357,0.43307284931124784,0.012055816077890903
68,34.0,-3.468634246687724,-2.974113862743157,0.49452038394456654,0.026929033500729282,0.0,0.026929033500729282,0.002716623763911106,0.9889664130494993,0.999999981866322,0.9993140107455948,0.11350588219742945,0.43207211710591537,0.013584052404640824
69,34.5,-3.4692474968583573,-2.9734686879961343,0.49577880886222314,0.026297479883326473,0.0,0.026297479883326473,0.002679962010827325,0.9891092126520921,0.9999999781600305,0.9990495587109081,0.10679266274052272,0.4312778720649976,0.0160494343384042
70,35.0,-3.4705156565976294,-2.972851174275835,0.4976644823217945,0.02567265180276792,0.0,0.02567265180276792,0.0026396695218097945,0.989246486803666,0.9999999708124371,0.9987427202172119,0.10024604116316406,0.43087357928478276,0.01938704357494926
71,35.5,-3.4723441177495804,-2.9723926126131808,0.49995150513639935,0.02507964975403333,0.0,0.02507964975403333,0.0025960789591725143,0.989360847358321,0.9999999612198431,0.9984053272261292,0.09391869730213369,0.4311173226730275,0.023473486111641583
72,36.0,-3.4746070496010906,-2.9722099084726628,0.5023971411284278,0.024547744344100418,0.0,0.024547744344100418,0.002549780510224685,0.9894343214447129,0.9999999508437889,0.9980571417645043,0.08782509445303713,0.43230852909571,0.028176330240076746
73,36.5,-3.477972211083437,-2.9727254344737224,0.5052467766097146,0.024111677953957193,0.0,0.024111677953957193,0.0025008188245367927,0.9894452206675696,0.9999999428004668,0.9977587392948466,0.08195441679213901,0.4348365384842382,0.033286491707626265
74,37.0,-3.4804932436100984,-2.973126950152335,0.5073662934577633,0.02380440007811447,0.0,0.02380440007811447,0.00245188058483356,0.9893957552875455,0.999999931963627,0.99747158772606,0.07628977339301651,0.4386134681445665,0.03880152829259096
75,37.5,-3.482036982574897,-2.973415604274061,0.508621378300836,0.023637238720044713,0.0,0.023637238720044713,0.0024023602107496943,0.9892723293588394,0.9999999242802169,0.9972859024496724,0.0709280087943855,0.4434684753002531,0.044533835298273865
76,38.0,-3.4855374432459953,-2.9755843824070496,0.5099530608389459,0.023622656265839665,0.0,0.023622656265839665,0.0023532346572096804,0.9890681329051296,0.9999999222202319,0.997256617924926,0.06577195882080324,0.4496422216617094,0.050174130667248906
77,38.5,-3.487972346351017,-2.9770237694021993,0.5109485769488173,0.023791340892541576,0.0,0.023791340892541576,0.002305604391404994,0.9888139908560092,0.9999999182326659,0.997394038352051,0.06094113322591304,0.45604393252866665,0.055660169318842635
78,39.0,-3.4900537207933975,-2.9779544498210297,0.5120992709723676,0.024138824572277392,0.0,0.024138824572277392,0.0022602326385146383,0.9885267302043266,0.9999999168888246,0.9976513008115259,0.05640162648005979,0.46214931473638865,0.06084641714658841
79,39.5,-3.4918219318826638,-2.9779983307724103,0.5138236011102536,0.024652977762329,0.0,0.024652977762329,0.002217622827800117,0.9882265727921078,0.999999917546128,0.9979886034658668,0.05213029491675217,0.4673635090914038,0.06564071831037893
80,40.0,-3.4932281912319016,-2.9767926988219573,0.5164354924099442,0.025315944078122113,0.0,0.025315944078122113,0.0021781833232062246,0.9879311313051226,0.9999999199906505,0.9983536491795346,0.04808927674979993,0.47124551846601964,0.06999699376361466
81,40.5,-3.4934582808135732,-2.9731352718442454,0.5203230089693277,0.026111476194893346,0.0,0.026111476194893346,0.0021435498229338025,0.9876583744821191,0.9999999222037834,0.9987541749235805,0.044248994769339585,0.47352117532373816,0.07388242275403369
82,41.0,-3.4940469483126906,-2.9691223769916872,0.5249245713210036,0.027009816022429137,0.0,0.027009816022429137,0.002111587955423021,0.9874067271916455,0.9999999290437966,0.9990079051814346,0.04059471747626659,0.47430816989182484,0.0773516574243482
83,41.5,-3.494590573716695,-2.964306908447937,0.5302836652687577,0.0279769477822206,0.0,0.0279769477822206,0.002083585393224334,0.9871823972592354,0.9999999355380952,0.9992459916494973,0.037274908683947644,0.47357541729543706,0.0803772232272196
84,42.0,-3.4949970873892293,-2.9590941002613627,0.5359029871278664,0.02900798204451844,0.0,0.02900798204451844,0.0020595540904757787,0.9869875784828508,0.9999999423906,0.9994224591690084,0.03451606294385483,0.4714843423898393,0.08301609941987541
85,42.5,-3.492387812046563,-2.9514061399959584,0.5409816720506044,0.030087678409471585,0.0,0.030087678409471585,0.002039781937512028,0.9868244612411805,0.9999999503786684,0.9995505239317476,0.03324987845868278,0.46788591155902975,0.08542938523604303
86,43.0,-3.4904603623262846,-2.9449528406402914,0.5455075216859934,0.031190502416762887,0.0,0.031190502416762887,0.002025397426311806,0.9866904095513929,0.9999999573531302,0.9996604113220955,0.03332667053729223,0.463645383199232,0.08740409075319779
87,43.5,-3.4881653820600507,-2.939394307481695,0.5487710745783557,0.03230984159773307,0.0,0.03230984159773307,0.0020161330917370965,0.9865834103465402,0.9999999645502865,0.9997255890981577,0.035294130602006014,0.4588015803161256,0.08903311320065327
88,44.0,-3.4854542275229856,-2.935242139051894,0.5502120884710918,0.0334363525152019,0.0,0.0334363525152019,0.0020122279850560173,0.9865007842695788,0.9999999710655376,0.9997664982257524,0.03915440427296372,0.45362846254336947,0.09032959521595933
89,44.5,-3.4840404185253613,-2.9342082732114227,0.5498321453139386,0.03456309377113894,0.0,0.03456309377113894,0.00201422442379886,0.9864393595638785,0.9999999761392653,0.9997892727410245,0.04441679127776184,0.44856889947212897,0.09121593613614008
90,45.0,-3.4806259880216914,-2.9342035630624674,0.5464224249592243,0.0356942297090954,0.0,0.0356942297090954,0.0020224489808326846,0.9864019395681048,0.9999999796651071,0.9998048745835405,0.05100244062031949,0.44356679868671534,0.09183485561799826
91,45.5,-3.4764846963864238,-2.936520420657488,0.5399642757289357,0.03680646097020735,0.0,0.03680646097020735,0.002037102241724244,0.9863802294604735,0.9999999807255001,0.9998084770394545,0.058356816025188975,0.43894389468015793,0.09213076927514818
92,46.0,-3.472226702933756,-2.942007581266894,0.5302191216668619,0.037901056755442704,0.0,0.037901056755442704,0.0020590307639727474,0.9863710133915864,0.9999999797305433,0.9998025979535856,0.06608799050382322,0.43497035852968413,0.09206736291560856
93,46.5,-3.4672618050230866,-2.9503381435397484,0.5169236614833381,0.03897726631715464,0.0,0.03897726631715464,0.0020881451112899543,0.9863693484351348,0.9999999773875624,0.9997888130648916,0.07394996015150353,0.4317223741878518,0.09169021687405082
94,47.0,-3.462643285934756,-2.9624201060250033,0.5002231799097527,0.040084953967238504,0.0,0.040084953967238504,0.002127320482365617,0.986389189022248,0.9999999716287642,0.9997716232941432,0.08181979026397485,0.4295297062259379,0.09087970093739291
95,47.5,-3.457547205918997,-2.9769362030029347,0.4806110029160623,0.041158191565872575,0.0,0.041158191565872575,0.002174445104038661,0.9864117550709088,0.9999999678516396,0.9997488098216362,0.08944916030241029,0.4281672492176204,0.08975238575429104
96,48.0,-3.4521952972327274,-2.9939840196516196,0.45821127758110786,0.04221637982957473,0.0,0.04221637982957473,0.002230384599384999,0.9864394891560337,0.9999999623842154,0.9997245614026252,0.09677161230217023,0.4277261592811042,0.08830827557340476
97,48.5,-3.446750646505521,-3.013263661474128,0.4334869850313924,0.04325379503577627,0.0,0.04325379503577627,0.0022950073420862317,0.9864696340417983,0.9999999565915584,0.9997009288765475,0.10368622267600233,0.42816450191592925,0.08657974766567458
98,49.0,-3.44137956532638,-3.0344019844896133,0.4069775808367666,0.04426331844255411,0.0,0.04426331844255411,0.0023679134761715845,0.9864997855251934,0.9999999509036162,0.9996801271079948,0.11010686705468663,0.4293962934368731,0.0846077149635357
99,49.5,-3.436238931745179,-3.0569815490115158,0.37925738273366344,0.045237409538772894,0.0,0.045237409538772894,0.0024485331737247513,0.9865284496464124,0.9999999455863123,0.9996637042676226,0.11595498862526973,0.4312979119236657,0.08243708536233171
100,50.0,-3.431432856667509,-3.0805286247088963,0.35090423195861287,0.04616756385910492,0.0,0.04616756385910492,0.0025361667542323873,0.986555199215593,0.9999999407352205,0.9996527791236597,0.1211537735219858,0.4337137053038493,0.08011594040285067
101,50.5,-3.4269306943307125,-3.104456661948798,0.32247403238191436,0.047043194373749486,0.0,0.047043194373749486,0.002629799688776248,0.9865802091739245,0.9999999367004104,0.9996487671809321,0.12562256420177578,0.4364684671045153,0.07770285242405929
102,51.0,-3.4228088652091126,-3.1282670401022377,0.294541825106875,0.04785597817646606,0.0,0.04785597817646606,0.0027278503082668578,0.9866044063830309,0.9999999348496345,0.9996530277018674,0.12927782254344145,0.4394145777913963,0.07526446819773544
103,51.5,-3.4193508133371515,-3.151671128854094,0.2676796844830575,0.04860138991507249,0.0,0.04860138991507249,0.0028289967430712285,0.9866312483442001,0.9999999348079208,0.9996638859468464,0.13205623050904383,0.4424417341553451,0.0728408716822084
104,52.0,-3.416630374496465,-3.1742651066175713,0.24236526787889365,0.04927178207532478,0.0,0.04927178207532478,0.0029320356935095405,0.9866652391240331,0.9999999356055249,0.9996805315147411,0.13390833019332213,0.44545542683481026,0.07046309104668413
105,52.5,-3.414668260090561,-3.1956731735114237,0.218995086579137,0.04985887523745922,0.0,0.04985887523745922,0.0030356764983412803,0.98671108604801,0.9999999369681357,0.9997015758021829,0.13480007434468058,0.4483865940434542,0.06815224121633803
106,53.0,-3.4134334433740467,-3.2155350539991487,0.19789838937489815,0.050355656291639316,0.0,0.050355656291639316,0.0031384087796029058,0.9867730580420002,0.999999938879373,0.9997250122496331,0.1347148130237715,0.45118928220925963,0.06592014018622372
107,53.5,-3.41279643289737,-3.233600996045334,0.1791954368520363,0.05073419478368118,0.0,0.05073419478368118,0.0032404314470924032,0.9868545805602392,0.9999999377426853,0.99974395885158,0.13370463337662014,0.45374516405510257,0.06369786800120344
108,54.0,-3.4129668428718194,-3.2493952434942446,0.16357159937757473,0.05106246260344922,0.0,0.05106246260344922,0.003334602452920873,0.9869586346297342,0.9999999471415486,0.9997747688671784,0.13166084025494276,0.4563368665624485,0.06168061931838534
109,54.5,-3.4135991758801376,-3.2627503875642727,0.15084878831586487,0.05127912361030597,0.0,0.05127912361030597,0.003423520552650443,0.9870859735712852,0.9999999486735717,0.9997914022315046,0.12872892048564671,0.45874604722450374,0.05968975194066794
110,55.0,-3.4148728504577597,-3.27357541353767,0.14129743692009,0.05140943105661423,0.0,0.05140943105661423,0.003504767575062873,0.9872366644534084,0.9999999518886583,0.9998051381262558,0.12497372966082926,0.4610547957294984,0.057736618085473465
111,55.5,-3.4167519787265617,-3.2816611851272746,0.13509079359928725,0.05146612161560492,0.0,0.05146612161560492,0.0035767233771410167,0.9874082626578657,0.9999999550153155,0.99981313720154,0.12049368635598412,0.4632948626654347,0.055805144989008286
112,56.0,-3.4197945882118184,-3.2871848260624192,0.1326097621493993,0.05147941478990468,0.0,0.05147941478990468,0.0036375853558646234,0.9875967225933416,0.9999999587364492,0.9998137458244015,0.1154094795418676,0.4655148945495848,0.05387274791091985
113,56.5,-3.4226780985466934,-3.2889693530442576,0.13370874550243575,0.051465016472825684,0.0,0.051465016472825684,0.003683489109723399,0.9877949651107922,0.9999999629203908,0.9998098452550173,0.10979479004914156,0.4677038834948611,0.05200439542687318
114,57.0,-3.4253406561483546,-3.287420553149699,0.13792010299865565,0.05141397155152542,0.0,0.05141397155152542,0.0037184225411525393,0.9879968843641849,0.9999999601929717,0.9997974694933811,0.10382588102577069,0.46990132198109075,0.050142766680216694
115,57.5,-3.4281283858963216,-3.2825722689241394,0.14555611697218185,0.05136358880726077,0.0,0.05136358880726077,0.003740347487976603,0.9881936133658031,0.999999959407959,0.999778822230231,0.09762108935384475,0.47210128008705626,0.04831570773318642
116,58.0,-3.4309361258482727,-3.274534179468193,0.15640194638007987,0.05133310847413544,0.0,0.05133310847413544,0.003749806702495958,0.9883770775831574,0.9999999581830933,0.9997567928596478,0.09131521139224322,0.4742570277362088,0.0465581336720185
117,58.5,-3.433649852378943,-3.263508864508207,0.17014098787073598,0.051339616830847104,0.0,0.051339616830847104,0.0037477516255870974,0.9885403194427075,0.9999999566369641,0.9997338905319464,0.08504988552750323,0.47629794395014585,0.04491543357720294
118,59.0,-3.436226511636993,-3.249863628436276,0.1863628832007174,0.05139789476159571,0.0,0.05139789476159571,0.0037355063797998227,0.9886777104352592,0.999999955029356,0.9997128033793425,0.07897627470916245,0.47813135248596345,0.04344040832781715
119,59.5,-3.4371508689574024,-3.233255549402978,0.20389531955442414,0.0515216699884402,0.0,0.0515216699884402,0.003713971633657545,0.9887863036401189,0.9999999527072497,0.9996970788559452,0.0733083791763822,0.47976464859737744,0.04220516869666948
120,60.0,-3.440648291934571,-3.216682537242241,0.22396575469233043,0.05170819113088849,0.0,0.05170819113088849,0.003687448439182845,0.9888610790462921,0.9999999521785696,0.9996836236868567,0.06804737001756642,0.4808272177125789,0.04121765336567964
121,60.5,-3.4420169119507653,-3.198288728235558,0.24372818371520724,0.05196330140610804,0.0,0.05196330140610804,0.0036569347014648052,0.9889065281789936,0.9999999510464741,0.9996808620743657,0.06351906522837558,0.481675832508897,0.04056470105465917
122,61.0,-3.444917809323233,-3.180372453831029,0.2645453554922039,0.05230590017662229,0.0,0.05230590017662229,0.003621337464218462,0.9889171066664513,0.9999999489821049,0.9996835776166721,0.05970743023205234,0.48185750503083374,0.04025796812828114
123,61.5,-3.4460773656385517,-3.1620434440707976,0.28403392156775403,0.05269690016797782,0.0,0.05269690016797782,0.003586683216618568,0.9889035412069141,0.9999999506320859,0.9996913898637556,0.056791936391606984,0.48184338318349895,0.040287187598133364
124,62.0,-3.44779370006852,-3.145153548056237,0.3026401520122831,0.05314679938658031,0.0,0.05314679938658031,0.0035532286159528836,0.9888660565556968,0.9999999520375862,0.9997030337040556,0.05472683578565418,0.48159705926185653,0.04062430084747915
125,62.5,-3.4492405602225786,-3.1294854172583064,0.3197551429642725,0.053633810833778904,0.0,0.053633810833778904,0.0035223139439767175,0.9888091398983204,0.9999999572059037,0.9997135683172346,0.053496406828634734,0.48121220685833166,0.041216865957348366
126,63.0,-3.4506590353542514,-3.1155686716156437,0.3350903637386079,0.05415043332295863,0.0,0.05415043332295863,0.0034945085604150628,0.9887402054377069,0.999999960546051,0.9997262594430558,0.05295416907959931,0.4808756568752322,0.04200105721113705
127,63.5,-3.451882323358753,-3.103454536019245,0.34842778733950774,0.05468238723152053,0.0,0.05468238723152053,0.003470048866283775,0.9886649286031407,0.9999999642532579,0.9997372501366042,0.052946425560305745,0.4806985855802086,0.04291160611677732
128,64.0,-3.45310060481526,-3.093381041887949,0.3597195629273112,0.05522044760739232,0.0,0.05522044760739232,0.00344861937648494,0.9885894432887503,0.9999999668085553,0.9997479174910484,0.05329742164684598,0.48078800743197964,0.043888989861122094
129,64.5,-3.4543193515064523,-3.0853169172642607,0.3690024342421913,0.05575182976847833,0.0,0.05575182976847833,0.0034298084686959374,0.9885175267411083,0.9999999679172951,0.9997571995228202,0.05386058358194321,0.4811628593410924,0.04488820584292377
130,65.0,-3.4555617372825504,-3.079200786430804,0.37636095085174615,0.05626723144617409,0.0,0.05626723144617409,0.0034134830333165224,0.9884535822943952,0.999999966643058,0.9997644704711222,0.05452777349784839,0.4818530907333167,0.04587279432082636
131,65.5,-3.456407581430953,-3.07468962499989,0.3817179564310633,0.0567663357600905,0.0,0.0567663357600905,0.003398685509300925,0.9884052453019486,0.9999999639040641,0.9997731188245409,0.05523807667588257,0.4828871620455131,0.046808412725939524
132,66.0,-3.4567420869543892,-3.0716167890669426,0.3851252978874465,0.057250728706069634,0.0,0.057250728706069634,0.003383900612159113,0.9883761108814388,0.9999999614534899,0.9997855380744464,0.05601344806659983,0.48418716578390364,0.047675995071915105
133,66.5,-3.456916980927469,-3.0701385591903403,0.38677842173712895,0.05772071406719939,0.0,0.05772071406719939,0.00336774283093884,0.9883649553838364,0.9999999605452443,0.9998026219693523,0.05695953769429448,0.4856136606771016,0.048471289494143706
134,67.0,-3.457205138033213,-3.070334095665677,0.3868710423675358,0.0581744600590223,0.0,0.0581744600590223,0.003349748730859074,0.9883695214380704,0.9999999604294293,0.9998220900953133,0.058218092256285464,0.48704442178183954,0.04919343128877571
135,67.5,-3.4575785749438386,-3.0720591011803275,0.38551947376351087,0.058614751881806995,0.0,0.058614751881806995,0.0033299397976306977,0.9883880116988459,0.9999999608164555,0.9998422880921755,0.05991204809696671,0.48836337071995706,0.049840778557412535
136,68.0,-3.457989484563699,-3.075139198990448,0.3828502855732505,0.05904702352269219,0.0,0.05904702352269219,0.0033087161955753334,0.9884177843385525,0.999999961578604,0.999862254888174,0.06213735352295239,0.4894611283806028,0.05041443174668216
137,68.5,-3.458410875306701,-3.0793980589094443,0.37901281639725687,0.05947863929664895,0.0,0.05947863929664895,0.003286813182196876,0.9884558153726062,0.9999999624734388,0.9998810250494485,0.06495062366292498,0.49024945980412404,0.05091838986912599
138,69.0,-3.4588383379600547,-3.0846645689899987,0.37417376897005583,0.05991796162210507,0.0,0.05991796162210507,0.0032651186480171695,0.9884992610360459,0.9999999633342203,0.9998979176479303,0.06836167451140449,0.490671888970344,0.051358799570908005
139,69.5,-3.459285967956288,-3.0907889291324957,0.3684970388237924,0.060371304692323824,0.0,0.060371304692323824,0.003244481486496015,0.9885455608579476,0.9999999640663639,0.9999128078690742,0.07232966054904433,0.49070685946150383,0.05174311732840714
140,70.0,-3.4596350354924286,-3.097548310565504,0.3620867249269246,0.06083955046720444,0.0,0.06083955046720444,0.0032257361937193434,0.9885923554969969,0.9999999641575548,0.999925789421831,0.07674400676501947,0.49035336751656905,0.052080111059252254
141,70.5,-3.4596396198984776,-3.1045068670808456,0.355132752817632,0.061347751261574615,0.0,0.061347751261574615,0.0032097372039739296,0.9886416494341819,0.9999999630711265,0.9999330614933845,0.08150506287189628,0.4896590597590615,0.05237723953059869
142,71.0,-3.459961130707783,-3.111976725457699,0.34798440525008395,0.06189821882827939,0.0,0.06189821882827939,0.0031964919853980805,0.9886930727067449,0.9999999626289537,0.9999382259073909,0.08656415453843783,0.4887248491099717,0.052640101530573795
143,71.5,-3.460624658686011,-3.1198714906755685,0.34075316801044303,0.0624825208192599,0.0,0.0624825208192599,0.0031862077808881275,0.9887452610103844,0.9999999608599927,0.9999415740859653,0.09176551738974612,0.4876374196072903,0.052878936081215605
144,72.0,-3.4615763536589257,-3.128060601161448,0.3335157524974781,0.06309629013635237,0.0,0.06309629013635237,0.003179010546911349,0.988798300963414,0.9999999571085013,0.9999420973139411,0.09695506900063108,0.4864822360763741,0.053107584967352524
145,72.5,-3.4627669923419555,-3.1363462734489618,0.32642071889299384,0.06374284543451471,0.0,0.06374284543451471,0.003174337889210782,0.9888533646005693,0.9999999516594468,0.9999391009581075,0.10201659785809024,0.4853635281779732,0.053336571406280266
146,73.0,-3.4656183052474554,-3.1455617022825337,0.320056602964922,0.06443912879172262,0.0,0.06443912879172262,0.0031737371908006936,0.9889161949593708,0.999999945261248,0.9999285767770774,0.10690457122916597,0.4844290881531936,0.05357837000851483
147,73.5,-3.4674576546916622,-3.1537125716641192,0.31374508302754295,0.06517106195387623,0.0,0.06517106195387623,0.0031702094549599475,0.9889807310967671,0.9999999376120636,0.9999209206203279,0.11148399593472284,0.48372218982047543,0.05384149376062324
148,74.0,-3.4690455674773406,-3.161128207804307,0.30791735967303363,0.06587776204935157,0.0,0.06587776204935157,0.00316536847902985,0.9890421989285189,0.9999999318115709,0.9999167938240885,0.11552445255287541,0.4832803613654645,0.05410008894730948
149,74.5,-3.47110553155141,-3.168208526212646,0.30289700533876435,0.06664240240575264,0.0,0.06664240240575264,0.0031599771003871114,0.9891106503021878,0.9999999232207859,0.9999001461357878,0.1191000109093656,0.48321964317708976,0.05440445722602903
150,75.0,-3.473450240563361,-3.17480007184474,0.298650168718621,0.06737519132460884,0.0,0.06737519132460884,0.0031517157381630626,0.9891780057564477,0.9999999208363333,0.9998920719899783,0.12203503433264426,0.4835522853539456,0.05470479648874532
151,75.5,-3.476047083655395,-3.1805457496374028,0.29550133401799217,0.06817157901516396,0.0,0.06817157901516396,0.0031401785359582825,0.9892512265524701,0.9999999163986752,0.9998733919400073,0.12440210170493766,0.48434690093385563,0.055056534863774945
152,76.0,-3.47862807269367,-3.1851783232289272,0.2934497494647426,0.06897560174603888,0.0,0.06897560174603888,0.003124033723019941,0.989324339593151,0.999999918199393,0.9998608456915351,0.12609723070328827,0.4855677731697307,0.055424958107946225
153,76.5,-3.481024531050675,-3.1887295950220884,0.2922949360285865,0.06979499667824013,0.0,0.06979499667824013,0.003105614739949571,0.9893966526725804,0.9999999180575092,0.9998522613783261,0.12709498927423385,0.4872259695656901,0.055826193818818225
154,77.0,-3.485178458141114,-3.1919887595096386,0.2931896986314752,0.0706193319143233,0.0,0.0706193319143233,0.003083635869490107,0.9894743504472798,0.9999999219080825,0.9998362998686879,0.12743651923901878,0.48928437167297995,0.05624041732221929
155,77.5,-3.4891261537529843,-3.1938929874040456,0.29523316634893865,0.07147388047627176,0.0,0.07147388047627176,0.0030586752185387256,0.9895523988353193,0.999999926071178,0.9998287413645502,0.12727204596414557,0.4917479037385399,0.056688487703281304
156,78.0,-3.493249577407086,-3.19444655561078,0.29880302179630586,0.07235172774057616,0.0,0.07235172774057616,0.0030312018692308816,0.9896338301688196,0.9999999309839372,0.999820612919895,0.12659064509019874,0.4945501294176507,0.05716734915989725
157,78.5,-3.49757612544383,-3.193558586443599,0.3040175390002307,0.0732499577481111,0.0,0.0732499577481111,0.003001842770351732,0.9897205743019483,0.9999999367512262,0.9998135698507258,0.1254442919199142,0.4976379338217399,0.05767896013149055
158,79.0,-3.501291418150012,-3.1905168475772094,0.3107745705728024,0.07416920070097145,0.0,0.07416920070097145,0.0029713329991127814,0.9898132102598431,0.9999999428853052,0.999810269099507,0.12385031203563013,0.5009269675972478,0.05822957792038097
159,79.5,-3.5052857282912466,-3.1860498477513417,0.31923588053990465,0.0751178430187016,0.0,0.0751178430187016,0.0029405254221827244,0.9899147104369899,0.9999999502906333,0.9998073246636926,0.12206887353935081,0.5044086908549799,0.05882687114277426
160,80.0,-3.50930574138313,-3.1799736435674166,0.3293320978157136,0.07608070220243122,0.0,0.07608070220243122,0.002910594030767393,0.9900247995267405,0.9999999579293755,0.999808829927301,0.12019609624472466,0.5080058039163429,0.05946358653753965
161,80.5,-3.513337142044711,-3.17235355185907,0.3409835901856409,0.07704673274188845,0.0,0.07704673274188845,0.002882371246421355,0.9901437703706597,0.9999999654223058,0.9998111361316764,0.11825875927681975,0.5116068060497847,0.060137476643272125
162,81.0,-3.517077435509285,-3.1631327172235877,0.35394471828569735,0.07800826781985622,0.0,0.07800826781985622,0.0028569999229183522,0.9902707746983319,0.9999999716780743,0.9998170125869078,0.11639812888309435,0.5151227762465582,0.06084494370599722
163,81.5,-3.5204856375010265,-3.1525370026782134,0.3679486348228134,0.07895362291043621,0.0,0.07895362291043621,0.0028353627393242825,0.9904046268147264,0.9999999764939485,0.9998250836134489,0.11473792495530974,0.5184520310335025,0.061577503935650924
164,82.0,-3.523492406311399,-3.1408487934532734,0.3826436128581256,0.07986948558093393,0.0,0.07986948558093393,0.0028180724199955566,0.9905436969703111,0.9999999795338218,0.9998346870084633,0.11336313661967347,0.5214829516098614,0.06232448625069241
165,82.5,-3.5259856927446456,-3.1283907477881403,0.3975949449565052,0.08074148172468941,0.0,0.08074148172468941,0.0028054629869099204,0.9906859686297478,0.9999999805399439,0.9998454047953391,0.11231306626690542,0.5240974141900944,0.06307330573148136
166,83.0,-3.5278313959081826,-3.1155276949210586,0.4123037009871237,0.08155604473087552,0.0,0.08155604473087552,0.0027975945086730516,0.9908290917221373,0.9999999794366102,0.9998567921045859,0.11158024546166226,0.5261782604302921,0.06381080129663397
167,83.5,-3.528893538033957,-3.1026560195104103,0.42623751852354697,0.08230303288504282,0.0,0.08230303288504282,0.002794258845025968,0.9909704224170061,0.9999999763830903,0.9998681919267335,0.11111483887116368,0.5276211182355727,0.06452538154085137
168,84.0,-3.5290469836435387,-3.090178123392831,0.43886886025070765,0.08297584951018738,0.0,0.08297584951018738,0.0027949749554713483,0.9911070880489392,0.9999999716536518,0.99987907653748,0.11082986137328239,0.5283402873524704,0.06520649701549124
169,84.5,-3.529575236440913,-3.0796420412727303,0.4499331951681823,0.08356817217744719,0.0,0.08356817217744719,0.0027993696953016343,0.9912362132192404,0.9999999667130295,0.9998884376964504,0.1106475241811036,0.5282507352330176,0.06583165074361691
170,85.0,-3.5276011795053965,-3.06907375311502,0.4585274263903764,0.08407779956823977,0.0,0.08407779956823977,0.0028061190083010805,0.991354621378963,0.999999958494034,0.9998992668555793,0.11039168248450879,0.527336674315761,0.06640836110260452
171,85.5,-3.523898563981151,-3.0594246179314184,0.4644739460497329,0.08451145364876941,0.0,0.08451145364876941,0.0028147409149732695,0.9914606999889997,0.9999999505913066,0.9999082898404187,0.11003662933851954,0.5256007127207979,0.06692820264032112
172,86.0,-3.51894605330555,-3.05142739096285,0.4675186623427001,0.08487381779392197,0.0,0.08487381779392197,0.0028245720322351313,0.9915529447429704,0.9999999427084285,0.9999158816036257,0.1095316025193526,0.5230767235599445,0.0673846155082812
173,86.5,-3.5130857375227826,-3.0456097424461115,0.4674759950766713,0.08516837406405527,0.0,0.08516837406405527,0.0028349128159753352,0.9916301206858109,0.9999999357482571,0.999922924496924,0.10883018101474053,0.5198364846475312,0.06776917575159597
174,87.0,-3.5061886529330595,-3.0419140408993024,0.46427461203375736,0.08539067844278267,0.0,0.08539067844278267,0.0028452240125292692,0.9916915035477967,0.9999999286554268,0.9999291850914919,0.10789692635648412,0.5159980729954691,0.06807308610820127
175,87.5,-3.498291218798552,-3.0402495925912203,0.4580416262073322,0.08554590666450297,0.0,0.08554590666450297,0.002855448282594778,0.9917368741383321,0.9999999216952729,0.9999342079991028,0.10672735491363389,0.5116806251215181,0.0682989876866117
176,88.0,-3.4897279244734256,-3.0407314639112673,0.44899646056215864,0.0856439208291122,0.0,0.0856439208291122,0.0028652969529132403,0.991765822305841,0.9999999161256945,0.9999382577696881,0.10529611757853244,0.5070383674569298,0.06845295068568918
177,88.5,-3.4812967510343555,-3.0442759953502256,0.4370207556841297,0.0856955273147899,0.0,0.0856955273147899,0.0028753046657691147,0.9917797075619874,0.9999999117438607,0.99994238368797,0.10360055361823278,0.5021907809786073,0.06855271139660397
178,89.0,-3.4716298943224175,-3.048897426996652,0.4227324673257655,0.08568908279231112,0.0,0.08568908279231112,0.0028851164180251484,0.9917762494487402,0.9999999104592543,0.9999474492342693,0.10157566166200795,0.49732435061049357,0.06857888686752153
179,89.5,-3.461839627148046,-3.055379437660033,0.4064601894880129,0.08563208841952646,0.0,0.08563208841952646,0.0028945644456866856,0.9917573399949566,0.9999999105050424,0.9999510599142788,0.09923258639884153,0.4925844773838075,0.06855567144491824
180,90.0,-3.4518099413495014,-3.0632981766360072,0.388511764713494,0.08553207551297895,0.0,0.08553207551297895,0.002904102772346837,0.9917240820202352,0.9999999124256701,0.9999552409247751,0.09658867899213508,0.4880871739343783,0.06849503981230404
181,90.5,-3.441587618513831,-3.072316086821403,0.3692715316924284,0.08539563852138429,0.0,0.08539563852138429,0.002914098742513534,0.9916779844278283,0.999999915900254,0.9999596557078083,0.09367445730929269,0.48393046316200583,0.06840748067631525
182,91.0,-3.4313298938794445,-3.0821233083320942,0.3492065855473502,0.08522814469412597,0.0,0.08522814469412597,0.002924795209472419,0.9916205818606159,0.9999999206399196,0.9999639270859094,0.0905190629073534,0.48019679742257676,0.0683005190773703
183,91.5,-3.4211959776211427,-3.0924023835210437,0.3287935941000989,0.08503533148014794,0.0,0.08503533148014794,0.0029364254085580094,0.9915534837426754,0.9999999261308653,0.9999677489276727,0.08715219196975223,0.4769548139118514,0.06818050494492583
184,92.0,-3.41133855232863,-3.102849128152087,0.3084894241765428,0.08482381572580948,0.0,0.08482381572580948,0.0029492225316041323,0.9914782686948014,0.9999999318586363,0.9999707514184181,0.08359749983850069,0.4742609203159376,0.06805332099851057
185,92.5,-3.4018990923040504,-3.11318487783842,0.28871421446563034,0.08460024328144132,0.0,0.08460024328144132,0.002963372092543512,0.9913963996447418,0.9999999374255404,0.9999725630151421,0.07987066393300829,0.472164051248994,0.06792434951642362
186,93.0,-3.3929938661048515,-3.123157172968108,0.26983669313674374,0.08437028599765488,0.0,0.08437028599765488,0.002978966161484587,0.99130921149581,0.9999999425568753,0.9999729118307827,0.07598610962969338,0.4707076641571318,0.06779810166985234
187,93.5,-3.384687756632784,-3.132526292343805,0.25216146428897873,0.08413777617964477,0.0,0.08413777617964477,0.002995971605953971,0.9912179244459814,0.9999999470686978,0.9999716908368307,0.07196956075239352,0.46992855228744934,0.06767771633661113
188,94.0,-3.376930600559298,-3.141022131657018,0.2359084689022799,0.08390381898643388,0.0,0.08390381898643388,0.0030141712565608003,0.9911235008236371,0.9999999508405526,0.9999689588593682,0.0678692739306355,0.46985964014095627,0.06756433122215719
189,94.5,-3.3703322599296905,-3.1489150506364725,0.22141720929321773,0.08366709365473465,0.0,0.08366709365473465,0.003032364373413538,0.9910268705247626,0.9999999542282173,0.9999655030145836,0.06380444952952488,0.47059147443757027,0.06745394118794484
190,95.0,-3.364965433944786,-3.1560393236577657,0.20892611028702046,0.08344315957877188,0.0,0.08344315957877188,0.003053137134995084,0.9909339440283811,0.9999999572274768,0.9999619894493157,0.059826344744201065,0.4718360156485659,0.06735994886726751
191,95.5,-3.3594476825590385,-3.1613460922855636,0.198101590273475,0.08321425907745245,0.0,0.08321425907745245,0.0030741805453577097,0.9908397701524709,0.9999999595765569,0.9999570983306051,0.056041416951298044,0.4738155534089322,0.06726881394356062
192,96.0,-3.354475982655982,-3.16519960056106,0.18927638209492179,0.08299477476562614,0.0,0.08299477476562614,0.003095609958557409,0.9907472782949174,0.9999999612594181,0.999953399201185,0.05258344261495473,0.476413441364754,0.06718347283638844
193,96.5,-3.350490482699714,-3.1677611122765668,0.1827293704231475,0.08278789568228953,0.0,0.08278789568228953,0.0031170623140623173,0.9906578381928441,0.999999962707762,0.9999510068191456,0.04959781166777678,0.47956518701187445,0.06710061936788803
194,97.0,-3.3474839698540984,-3.168924636991656,0.1785593328624425,0.08260150500342966,0.0,0.08260150500342966,0.0031385436927785534,0.9905722076793383,0.9999999636787167,0.9999499592954825,0.04716046391073147,0.48319542189596676,0.06702025513821726
195,97.5,-3.3454649176015563,-3.16864420867289,0.17682070892866622,0.08244333232467556,0.0,0.08244333232467556,0.0031600776500067904,0.9904912389018726,0.9999999640475485,0.9999503533032001,0.04531528135624945,0.4872402816673636,0.06694250768936712
196,98.0,-3.344439521270541,-3.1669275144692013,0.17751200680133972,0.08232038337073753,0.0,0.08232038337073753,0.0031817349659251162,0.9904163085100998,0.999999963262196,0.999951942415182,0.04406805471697791,0.4916442472952478,0.06686777579720739
197,98.5,-3.3435981523888816,-3.1635987898768314,0.17999936251205018,0.08223995786225911,0.0,0.08223995786225911,0.0032029832012066594,0.9903472670749581,0.9999999627246192,0.9999536435286789,0.04343155399929379,0.496423612032524,0.06679200312486759
198,99.0,-3.34437177399503,-3.1591803242047285,0.18519144979030153,0.08220040824108914,0.0,0.08220040824108914,0.003225165753829592,0.9902913401756259,0.9999999556459316,0.9999560902023363,0.04326227144245355,0.5013910232333899,0.06672113892181412
199,99.5,-3.346067556112211,-3.153631532744255,0.1924360233679562,0.0821987882950362,0.0,0.0821987882950362,0.0032476661244169847,0.9902515990765285,0.999999947502446,0.999957970777927,0.04350471421269637,0.5065956944174539,0.0666505151608297
