frequency_cm_inverse,mode_1_psd_hartree2_fs,mode_2_psd_hartree2_fs,mode_3_psd_hartree2_fs,mode_4_psd_hartree2_fs,mode_5_psd_hartree2_fs,mode_6_psd_hartree2_fs,mode_7_psd_hartree2_fs,mode_8_psd_hartree2_fs,mode_9_psd_hartree2_fs,mode_10_psd_hartree2_fs,mode_11_psd_hartree2_fs,mode_12_psd_hartree2_fs,mode_13_psd_hartree2_fs,mode_14_psd_hartree2_fs,mode_15_psd_hartree2_fs,mode_16_psd_hartree2_fs,mode_17_psd_hartree2_fs,mode_18_psd_hartree2_fs
0.0,2.6165212642421694e-05,2.6973490890783105e-05,1.8548535890858198e-05,6.116927833768047e-06,6.674556296181551e-06,5.264120504241479e-06,4.24360516204535e-06,5.538394475681738e-06,1.0390712465693488e-05,6.282187812286792e-06,3.1875860556745225e-06,8.389736815246124e-06,3.645786568323662e-06,1.1435223314204698e-05,4.816153786179421e-06,5.736351259607881e-07,4.720415380053669e-07,6.632279111488641e-07
335.2402966815599,0.0001229455569438889,0.00014625737170870175,5.880766963796688e-05,2.8045438771380347e-05,8.06114460326296e-05,1.7017083200389757e-05,2.8708875100666214e-05,4.9790137755156284e-05,5.1794680117409865e-05,2.1889689986048535e-05,3.5341791204635174e-05,2.8102998664315143e-05,2.17985894898977e-05,3.188623402611969e-05,1.7458986793931942e-05,9.605896119245608e-06,7.635748770132039e-06,4.243304125217147e-06
670.4805933631199,0.00024043340535229683,0.00013609290104946037,5.438358104665748e-05,5.4268357970565357e-05,9.288907554052266e-05,2.7358892932999417e-05,5.32281839403714e-05,7.494352038975973e-05,6.705598486939879e-05,3.6624141728544794e-05,4.367420216505614e-05,2.6090790907631033e-05,2.6891474847924833e-05,2.6133292079914557e-05,2.1385157098520102e-05,3.089431238096347e-06,6.099454226819212e-06,3.2787644733702106e-06
1005.7208900446798,0.00015046153007260715,0.00010560548700051537,0.00011415955693494769,0.0001262486049520012,0.00011195488542533134,4.35502984537431e-05,5.6868431592904744e-05,5.6059174155790876e-05,8.571448793978497e-05,4.763023673815504e-05,3.893170552390338e-05,4.9870568176105145e-05,4.51629580163723e-05,2.072268012376731e-05,2.3682643118098927e-05,2.3915877913178444e-06,3.3982062999150603e-06,2.8091518169690407e-06
1340.9611867262397,0.0002552109967372323,0.0002406539923630343,0.00028083123009263515,0.00015295444636212273,0.00011397687282788532,0.00018828819686866037,6.869566413331008e-05,5.7739867258863334e-05,7.801984315290424e-05,5.838296971187001e-05,5.31603080584422e-05,5.922405405774668e-05,3.025932392648033e-05,2.075872644762383e-05,3.312939471317747e-05,2.6876965797594337e-06,5.551874054958141e-06,1.9028919795531882e-06
1676.2014834077997,0.00023342385888266477,0.0001743434846014988,0.0001727224016603351,0.00011702875156460058,5.086803541058772e-05,0.0001382875157425348,5.916664006845086e-05,5.532590899821548e-05,4.815431212995567e-05,5.466415979591733e-05,2.8841628780905514e-05,2.1859050741699124e-05,1.3273852495426002e-05,1.3454071381357775e-05,1.6035976691912342e-05,1.6172849752735662e-06,3.2211580592288283e-06,9.621551850473134e-07
2011.4417800893596,1.1696406235600439e-05,1.0493078565576287e-05,9.598511150543047e-06,7.380472682563908e-06,3.3533536223646202e-06,8.453306707394791e-06,5.579209407198918e-06,6.937121484370284e-06,4.123982269557031e-06,5.370919685623703e-06,2.337551754854043e-06,2.11189284231254e-06,1.6273996286981402e-06,1.7897601433587627e-06,1.0499536108944394e-06,1.5238213753565055e-07,2.3490446860544565e-07,2.0131385321050685e-07
2346.6820767709196,1.375967491076213e-06,9.432491543875924e-07,4.16476376696769e-07,5.754628747157483e-07,4.999497203461884e-07,4.5210260296265484e-07,8.361923100022814e-07,4.836790132591883e-07,7.982577465290747e-07,3.5429049400402597e-07,1.7754753828665113e-07,4.101465489763465e-07,2.7133249396803184e-07,3.804327256620627e-07,3.343564207872612e-07,3.345629654940077e-08,4.403883729292908e-08,5.1659666029325723e-08
2681.9223734524794,7.507431522636821e-07,3.560085092147552e-07,4.257586360122461e-07,4.058430080757199e-07,4.675232400503662e-07,4.4745103241843617e-07,3.183210694829752e-07,1.8217422396079685e-07,6.564221130410614e-07,2.8462462420872407e-07,1.5180358469444107e-07,1.8458605158417365e-07,1.3588989748792187e-07,8.998570506953682e-08,1.4651649501475786e-07,2.4227222116641758e-08,3.390881114683039e-08,1.3256699152652338e-08
3017.1626701340397,3.8211739739682987e-07,2.828104266644378e-07,3.523869830449751e-07,1.9210699986385434e-07,3.296654461366115e-07,2.810270565524705e-07,1.7826112282325107e-07,1.9894247088090314e-07,5.081979411202156e-07,8.184540265478755e-08,2.1423793438241993e-07,1.7633797296727897e-07,1.1725755700412027e-07,8.910839939789476e-08,5.388196143155456e-08,1.204600332438783e-08,9.502444645738087e-09,1.6974882812606382e-08
3352.4029668155995,2.0897388192801196e-07,2.0153743035125385e-07,1.1620272037115887e-07,7.451804288271298e-08,1.008838831873383e-07,1.6851825233393833e-07,8.290600834709162e-08,7.894289421633306e-08,7.026046944151364e-08,6.186391500518919e-08,7.133237302447685e-08,1.0364610179215036e-07,8.877515335947341e-08,4.247503696270638e-08,3.4985306870701824e-08,2.5310868817754373e-09,6.544597555111821e-09,8.96007938110533e-09
3687.6432634971593,4.6216158988470706e-08,2.9306347282764313e-08,1.5713238973660488e-08,2.629183453211977e-08,1.9538397128457232e-08,5.334787636052776e-08,2.1501008887440916e-08,2.733018067773669e-08,6.960787351200723e-09,1.555398918779616e-08,1.3026664357213861e-08,2.723701151990357e-08,1.7741055120350217e-08,1.2529630841623509e-08,1.3391608433941817e-08,1.3370403744219487e-09,1.5460109208592271e-09,1.8916782791651953e-09
4022.883560178719,1.021024046845214e-08,8.63805551401528e-09,4.872577610856266e-09,4.785432404852197e-09,2.9888490770350883e-09,3.6948548870625274e-09,4.308329826192384e-09,4.534280165330585e-09,2.722033142418286e-09,1.495014929715119e-09,3.1414480477559545e-09,1.993210664874699e-09,1.0582920306435929e-09,3.100122191178912e-09,1.791174394598683e-09,2.916628934125589e-10,1.477606923259811e-10,2.6272774682500907e-10
4358.123856860279,5.911284954066406e-09,3.8253148811174e-09,2.650356544015901e-09,8.768660601471268e-10,2.0413724678400544e-09,1.9618348069942363e-09,2.722667454582809e-09,1.883793465931272e-09,1.2347096979154183e-09,1.3889281565660651e-09,2.6943324439096173e-09,1.1101697466983926e-09,1.572364288745225e-09,8.552160855004779e-10,9.63732548406225e-10,8.348962721194677e-11,1.2386398067045263e-10,1.808435144055401e-10
4693.364153541839,7.869225922472448e-10,1.3060788320424682e-09,1.2092783749575943e-09,1.4412283506085203e-09,1.417049711074908e-09,1.7321176514372874e-09,1.92455734580461e-09,1.3460894813478745e-09,7.607532489131609e-10,9.007632179925576e-10,1.9502442928807842e-09,1.8085955350393513e-09,1.2847734270211637e-09,1.0690056277527314e-09,5.608898167682248e-10,6.909827417780675e-11,7.401914118048322e-11,1.0287782281515814e-10
5028.6044502234,1.0300853217878216e-09,8.253468141578568e-10,4.48805793763628e-10,1.2722552107842754e-09,1.2098627948500451e-09,9.995259515818056e-10,1.1742867086813297e-09,9.858163781322847e-10,4.946850966593166e-10,3.395362904344363e-10,1.2572617499403332e-09,1.141170715338526e-09,7.194749855684294e-10,1.0209908266747192e-09,4.4406120606109846e-10,6.045637054769391e-11,1.0471059481100833e-10,3.069419521801945e-11
5363.844746904959,4.396772085654552e-10,2.0073442266790918e-10,1.350631108468879e-10,4.1051532741886895e-10,1.447625725883748e-10,5.612627671138012e-11,1.572177849220379e-10,2.2616333890678392e-10,1.4379417082681403e-10,5.42457387699626e-11,1.1751014303062432e-10,1.3171557487139828e-10,1.7109962330375905e-10,1.4103113316530817e-10,7.236037498068289e-11,4.084673262311297e-12,2.1837470500852286e-11,6.412446350865674e-12
5699.085043586519,2.544480636290248e-10,3.1950771376367965e-10,8.927498748843073e-11,2.3651400376189e-10,8.545180421514295e-11,8.580373892424395e-11,1.45302332409217e-10,1.1632458683481408e-10,5.852842056694191e-11,4.603387737471511e-11,4.849398595148026e-11,4.583233106033972e-11,4.6130612995849904e-11,3.498050224958887e-11,2.8424377211066598e-11,2.732589952724809e-12,9.566085192261137e-12,6.407562933480688e-12
6034.325340268079,5.252125114336848e-10,3.655081079307765e-10,7.069592622661163e-11,1.6580249578119527e-10,9.078765351991412e-11,1.489720336028705e-10,1.449328966434484e-10,1.0025835559473077e-10,1.7628553526333156e-11,6.417175779457301e-11,7.674927254154635e-11,5.3719862868568434e-11,5.735890136523215e-11,8.843471467307482e-11,2.2117127674986032e-11,3.2259420616770876e-12,9.432747679417345e-12,4.616215529941155e-12
6369.565636949638,8.418577936182951e-10,6.351640313386767e-10,5.1851191863086936e-11,2.8344098794106724e-10,1.523588771720074e-10,2.774720838473341e-10,2.1899902159407956e-10,9.469332267751554e-11,3.788056591307561e-11,9.272261217661567e-11,1.6151299025776364e-10,9.86877825699375e-11,1.3811719638184616e-10,1.6038412455415724e-10,3.543761604863555e-11,3.5239627289431322e-12,9.556892074616767e-12,1.001084349741079e-11
6704.805933631199,3.9393510521857255e-10,3.871652956573833e-10,6.516768891771997e-11,2.44220068959196e-10,6.221886211672937e-11,2.2721245714778965e-10,1.6839910869954526e-10,1.1294675030565486e-10,2.4735683015159796e-11,8.666790452249326e-11,1.0318047900849111e-10,9.15561436875847e-11,1.5013729192861604e-10,3.63864064854005e-11,8.76123355024052e-11,6.01421367019486e-12,1.0323682269411823e-11,1.1211460010864189e-11
7040.046230312759,4.1330272659290377e-10,4.0282698679401284e-10,4.403151028321953e-11,2.965489026865188e-10,3.830134425006143e-11,1.4669189801248808e-10,1.5469286392696508e-10,8.870435766361198e-11,2.6376403238929267e-11,4.0065491689312893e-11,5.0457114920536256e-11,4.4403652019459454e-11,6.327931783900057e-11,2.4726591629187664e-11,4.2040934115928866e-11,3.37401365025028e-12,9.723606730186521e-12,6.199582306291627e-12
7375.286526994319,2.4474607155214773e-10,1.9186024305608692e-10,1.8524541560667622e-11,1.419640711211837e-10,1.8681011415297128e-11,4.049543517682368e-11,5.217423014785163e-11,3.877941479988695e-11,2.0996627606680676e-11,2.203372036802714e-11,2.9927456407197356e-11,2.5087412680383867e-11,2.999758892528019e-11,1.8615249801063118e-11,8.343072822494127e-12,9.685253770861956e-13,3.742450793690282e-12,2.726731298648814e-12
7710.526823675878,1.7684885189976688e-10,1.4170326946907255e-10,2.646977434341619e-11,1.1968826098611732e-10,1.4820012204935884e-11,3.1888423066712116e-11,6.067101310901796e-11,2.7406709229600577e-11,2.5092200357143706e-11,2.8225581909187894e-11,3.214584347927735e-11,2.2194183091635712e-11,3.1508330460482466e-11,1.906827547326491e-11,5.739280778657936e-12,1.2856319130203684e-12,4.8141604160465155e-12,3.2388210042698985e-12
8045.767120357438,1.8811014166020046e-10,1.4156749986294492e-10,3.486468267257667e-11,1.1948109767507718e-10,1.3191810197599349e-11,1.6261980179372565e-11,6.09462182715843e-11,1.928203915269157e-11,1.705222111188593e-11,2.5105319541657782e-11,1.3995289916761684e-11,8.776988159150966e-12,1.425463267151499e-11,1.2499828080725391e-11,3.232629345489983e-12,5.91008227860537e-13,2.698303303299175e-12,1.8238897917550737e-12
8381.007417038998,1.5174274525565437e-10,1.0899674939019827e-10,3.7743006554517636e-11,8.804704604977489e-11,1.1835098722683582e-11,1.5091375405759635e-11,6.606392103347102e-11,1.84468596647746e-11,1.5490724592058922e-11,2.732421739078374e-11,1.2505487648732629e-11,9.178948786648148e-12,1.7915467686379333e-11,1.1723831498505824e-11,2.5378196229999144e-12,8.431636817212399e-13,1.9877406142954704e-12,1.4087726301262624e-12
8716.247713720559,6.95333696072673e-11,4.447986439197861e-11,1.464971232743957e-11,4.353393432770054e-11,8.591381975007149e-12,1.2026170358154156e-11,2.2639144886110206e-11,8.144566420351402e-12,9.026183271727814e-12,8.828050858815392e-12,7.643453117372113e-12,5.145942564353319e-12,9.871644088120137e-12,7.180142012691623e-12,1.729447057955725e-12,1.5221905737743563e-13,1.354040366784301e-12,1.123646745650963e-12
9051.48801040212,4.250413727323528e-11,3.670066001122866e-11,6.140949487986061e-12,2.1881572720288607e-11,5.916142488253824e-12,1.2086818394974336e-11,1.1301322373046598e-11,8.318032863003238e-12,6.958887590457059e-12,4.7014334544485346e-12,4.992845903915116e-12,4.309321910857727e-12,6.586931945559519e-12,6.886076403051922e-12,1.431993899732706e-12,2.8554367379561404e-13,1.0345981041275997e-12,7.910769194977663e-13
9386.728307083678,1.231118934840567e-10,1.000813306793262e-10,1.5785215754716956e-11,5.941562961750623e-11,8.332268892571417e-12,2.2697657041020712e-11,3.710823953222781e-11,1.7730460585559615e-11,8.370026650478015e-12,1.1107262495012434e-11,1.4169569262054222e-11,9.19078283429207e-12,8.193907023288898e-12,8.82839147969302e-12,2.5538947193071322e-12,3.5142038153291773e-13,1.466946489514494e-12,1.2939384359024127e-12
9721.968603765237,1.6659067724832938e-10,1.277159476097746e-10,1.9015908522296637e-11,7.998055593462957e-11,8.678372401229304e-12,1.6569389940624773e-11,5.095820049924978e-11,1.6852135205494315e-11,8.84993540365696e-12,1.8178042397905003e-11,2.039975592785789e-11,1.1182388235295988e-11,1.0027487596304613e-11,8.003413153003831e-12,1.8824937665639494e-12,2.2694073424384402e-13,1.5546409749076574e-12,1.1280255922400717e-12
10057.2089004468,8.298789964850564e-11,5.878654453965459e-11,1.0062968527354388e-11,3.495746022571257e-11,5.06728055786467e-12,5.019327106995062e-12,2.6297367758144727e-11,8.113029206818888e-12,7.047435461579975e-12,8.214572369036749e-12,6.68286264672034e-12,5.434164395257047e-12,6.3920141637088945e-12,4.2085438757186644e-12,1.2890745592269979e-12,1.8540742777561706e-13,7.743416572191575e-13,6.118663477411035e-13
10392.449197128359,5.943540623635148e-11,4.9549328662115816e-11,7.845273251066052e-12,2.9377081847841886e-11,4.8801276269705e-12,5.902832320540483e-12,2.1617407257352485e-11,5.060838850067289e-12,4.3461964598141544e-12,4.658774135281326e-12,4.634315374107849e-12,3.817531631119025e-12,6.822676343984577e-12,4.089510402864698e-12,1.0681837854813366e-12,3.3407424605789736e-13,5.836981719297277e-13,5.160906729086873e-13
10727.689493809918,5.685304379667314e-11,5.7602277703770774e-11,9.869076704358645e-12,3.1982677594135493e-11,4.4585776231689045e-12,4.543835800072669e-12,3.2815453611521613e-11,6.929724884004828e-12,5.933749263976696e-12,1.219766763939312e-11,3.369815389299176e-12,3.1013287544045758e-12,8.265595822173752e-12,3.656574678948616e-12,1.0549174702705673e-12,1.745179745632075e-13,7.519351861240571e-13,5.783549467972652e-13
11062.929790491478,5.106449651555659e-11,3.911415639991545e-11,7.77689833375462e-12,2.613801627295393e-11,4.560195007152012e-12,6.0972024196124266e-12,2.947321967487102e-11,6.137403711324638e-12,1.1321856721984858e-11,1.2037870995018279e-11,2.9893468634911984e-12,6.025905007213178e-12,6.986768470693246e-12,4.1632251134792286e-12,1.0132443604137648e-12,2.308357951230793e-13,6.537248963957922e-13,4.692012498023877e-13
11398.170087173037,4.059397810028803e-11,3.025594515766375e-11,8.471148215155976e-12,1.6836575443356863e-11,4.226518361135701e-12,4.159368554449148e-12,2.368143146606819e-11,3.9421905638958226e-12,5.219160952415521e-12,7.075706217279934e-12,3.583755831867733e-12,2.7003530786189924e-12,4.83382473176147e-12,2.933765941525489e-12,5.966648311741508e-13,2.9302452565044435e-13,4.0141488715746927e-13,3.6266167394342207e-13
11733.410383854598,4.235408208845321e-11,4.603543933638274e-11,9.802300399547333e-12,2.6252903629410858e-11,4.9619606263619124e-12,4.469107755749643e-12,2.315129987235311e-11,6.31390232911113e-12,4.185820887553281e-12,1.2817186897784898e-11,7.265560125402367e-12,3.1131405778115886e-12,4.881060446825021e-12,4.1823251501536505e-12,9.129820738150155e-13,1.8433268204959554e-13,6.855968501998206e-13,5.279974682191463e-13
12068.650680536159,5.5905668723951016e-11,4.674382462578238e-11,1.0397274694505076e-11,3.4813904779038583e-11,3.2559314007452827e-12,6.994712227255379e-12,2.0228680179428553e-11,4.180392057191216e-12,5.278241150940213e-12,7.61281373195016e-12,1.0023533115272837e-11,4.131620214948451e-12,6.333898496813358e-12,3.1744170724423677e-12,1.153190269878123e-12,2.376782057605713e-13,6.533827098830444e-13,5.145930775688249e-13
12403.890977217718,3.9585087917479774e-11,2.844682009381611e-11,6.983974405303308e-12,2.5555344347563936e-11,2.9739960196789363e-12,5.1418196290703205e-12,1.3655183937270713e-11,5.349537563334212e-12,7.008353114835671e-12,6.698752280170656e-12,3.806123529630546e-12,3.111040155829558e-12,3.202450610359741e-12,3.4507431727182995e-12,7.602056839474322e-13,1.4897562560399824e-13,8.061455899031447e-13,2.6473811403464254e-13
12739.131273899276,3.2003390017541164e-11,2.8968537598720045e-11,5.854079303080177e-12,1.956601128196478e-11,1.8305769950058186e-12,2.7344134959503356e-12,1.3633629889592417e-11,4.9221534150614055e-12,3.706905692960179e-12,6.857077720296164e-12,1.815458952130382e-12,2.6333065184332924e-12,2.6163306353572007e-12,3.71849812922298e-12,8.466760869645348e-13,1.3581887778257765e-13,6.61363252920779e-13,1.985175908587785e-13
13074.371570580839,3.9468664482159965e-11,5.0513669681015537e-11,5.652953548931018e-12,2.461383717139289e-11,1.8333234021180243e-12,2.5369343669592784e-12,2.579081891147273e-11,5.306004118956324e-12,4.795334734656531e-12,4.82779374805084e-12,3.5133505693141314e-12,2.617292026559126e-12,4.2284126943521046e-12,1.3506608940217593e-12,7.545606856503946e-13,1.7642080846164312e-13,6.417104520387671e-13,2.918700853572453e-13
13409.611867262398,3.7351229467601476e-11,5.491948109462246e-11,5.576496678437919e-12,2.4200245774763153e-11,1.7475209546718054e-12,4.877127202124979e-12,2.6921805796943643e-11,4.2771140311293914e-12,5.4391723290282976e-12,3.6682300083904714e-12,4.869908032294614e-12,2.809546394669841e-12,6.3148451875162814e-12,1.7005346773664192e-12,7.91190345440986e-13,1.9436364426045003e-13,6.827237680003461e-13,5.248646466826047e-13
13744.852163943957,3.6464899755180066e-11,2.924209058450667e-11,7.94118732792849e-12,1.722620283811996e-11,1.5153651760188616e-12,3.8301863192657576e-12,1.9636030111110954e-11,1.884882040753637e-12,3.0464095299417937e-12,4.0198722959049156e-12,1.8058731888507913e-12,1.7733898123420554e-12,4.28247473039955e-12,2.244483971438319e-12,7.000600643337205e-13,1.497855579389395e-13,3.6800951376586905e-13,3.3064478590767503e-13
14080.092460625518,4.248085721074955e-11,2.8196930348730437e-11,8.064925839795e-12,1.7849268255145274e-11,2.3346001718238343e-12,3.6820204210173616e-12,1.7926486035252816e-11,1.4514394505934417e-12,2.4270700108276877e-12,2.353459408106676e-12,2.323768793156251e-12,1.7787735651454623e-12,3.115219100636201e-12,1.6671360227430872e-12,5.192712391446927e-13,1.2787502580560802e-13,2.3084609907877237e-13,3.2607288758594787e-13
14415.332757307076,2.2196183135900616e-11,2.4745374497342373e-11,3.309802151942555e-12,1.2393613806971119e-11,1.5907779832421888e-12,2.722359027005003e-12,1.1807624017068422e-11,2.260942989174855e-12,4.862331912223152e-12,1.506699939015306e-12,2.3354053212472025e-12,1.6640610347028571e-12,2.492352132806046e-12,1.0115306492847452e-12,3.945724926939202e-13,1.0468896796614621e-13,2.2996154078790717e-13,1.3461871380643123e-13
14750.573053988637,1.5149428481798673e-11,1.7944690644366438e-11,3.4870548188047813e-12,7.799361332715356e-12,1.7020778375808015e-12,2.227422215077825e-12,8.69693548045169e-12,1.643849926561119e-12,3.488633384483269e-12,3.002785815071324e-12,1.919654951143354e-12,1.1677985447623488e-12,2.0241932241624024e-12,1.135815796942396e-12,3.406274698159724e-13,8.32326743158757e-14,3.6917531224454035e-13,1.4634287347138757e-13
15085.813350670198,1.95824380140102e-11,1.778891491886828e-11,3.2803434221339097e-12,1.0343484826389081e-11,1.567578468388457e-12,1.4309261901254116e-12,6.9527313791550655e-12,3.3105377935167778e-12,3.3263395168040536e-12,4.8514464982838655e-12,3.540047568860229e-12,1.5539900241805404e-12,2.6796740918822918e-12,9.122376058274904e-13,5.3374651916739e-13,1.0018880556627839e-13,3.1743122599074224e-13,1.9844935060835096e-13
15421.053647351757,3.218303816966044e-11,2.407240374263854e-11,5.1650932832667385e-12,1.7104210683748313e-11,1.8444313076425232e-12,1.8752000714709106e-12,1.1980567801007346e-11,2.75079098170332e-12,3.665648664148395e-12,5.403306892160629e-12,3.1941761974476396e-12,9.022761586920731e-13,2.4850349690843585e-12,1.2508414216911634e-12,5.008386971926332e-13,1.3580206054959366e-13,3.2343004832019413e-13,1.553532888490445e-13
15756.293944033318,3.1065492317637896e-11,1.7042573138292384e-11,4.715634028093187e-12,1.5447278286411456e-11,1.7134829782108348e-12,1.9962368512530496e-12,1.2966098317839636e-11,1.553108566856788e-12,4.777183107878332e-12,2.3339598182318937e-12,1.987131737189522e-12,1.4753694946182447e-12,1.7859715993729157e-12,1.2568969383304555e-12,4.885607340643689e-13,1.1355188827419345e-13,5.147414788148491e-13,2.2912887317609387e-13
16091.534240714876,2.1825478507820836e-11,1.655967730886724e-11,2.1830347960288155e-12,1.2372290600617708e-11,2.2945896634304207e-12,2.9228973655194533e-12,1.0336042245207978e-11,3.0650714607445806e-12,3.0646065193492063e-12,2.2612699794601967e-12,2.928544340533697e-12,2.946243638451133e-12,2.2410322488455227e-12,1.1376669564565674e-12,4.47728207323304e-13,6.598155968363829e-14,3.6293091156375344e-13,2.684553255988492e-13
16426.77453739644,2.196548537637664e-11,1.9933168695636147e-11,2.3242039814514946e-12,9.451679608877109e-12,2.3387039157865053e-12,3.3867094960542955e-12,5.947760617730819e-12,3.932659290174081e-12,3.3687951442063514e-12,2.404329634528593e-12,2.3572512324490823e-12,2.833259877451121e-12,2.0570608045401163e-12,1.205493578963558e-12,4.3707529726713885e-13,7.44928352915344e-14,2.420005484351817e-13,1.9495351883019724e-13
16762.014834077996,1.528397229362829e-11,1.7246086208893572e-11,1.6632061049079808e-12,6.4170447035468525e-12,1.8819914114462553e-12,1.587174588124928e-12,5.014940270519229e-12,2.2287359303086765e-12,2.1621161464898993e-12,2.2333357457641565e-12,1.5367849169267526e-12,1.1150065970344797e-12,1.3230464469350398e-12,5.121703555873911e-13,4.4950371922746787e-13,9.632815052584059e-14,1.6246786336315584e-13,2.85674237544211e-13
17097.255130759557,1.515754218815677e-11,1.527516981013193e-11,1.3910490864474507e-12,6.269035044299968e-12,1.951044145709585e-12,2.080510018572964e-12,7.022996159296517e-12,1.2773199842839685e-12,1.7262491827203739e-12,2.87285273169728e-12,1.7767647712881166e-12,5.452826204669425e-13,2.3471988466277317e-12,7.877519835796816e-13,2.9693800716374665e-13,1.2960857492019552e-13,1.9082864002523156e-13,2.9143817995104217e-13
17432.495427441117,1.919982139985356e-11,1.4183046512867086e-11,1.3494115176753889e-12,7.451277417076145e-12,1.455184964448305e-12,2.1994603934212127e-12,6.013814041773757e-12,2.129469797030525e-12,1.860522839009084e-12,3.2713774702586717e-12,1.6009214344933885e-12,1.6320213072713757e-12,1.5874449322970103e-12,4.749180852272659e-13,4.958156342984276e-13,1.373619894206724e-13,1.282661786778305e-13,1.1439814697330652e-13
17767.735724122675,3.609323051194799e-11,2.43632160179309e-11,2.2954144324787955e-12,1.459496240480828e-11,3.122408914547253e-12,3.4661890094585684e-12,5.547245504501682e-12,3.276353773418183e-12,1.1499797650464151e-12,5.2163907885015665e-12,3.1595566014697384e-12,3.728772618883429e-12,2.7202602555656966e-12,1.4526114736095807e-12,5.889594898602467e-13,1.3659997290189907e-13,3.831925760407533e-13,2.0936153785542428e-13
18102.97602080424,3.0942036283426035e-11,1.7192640449141152e-11,2.906692024900923e-12,1.2769926634722153e-11,2.8914981031151364e-12,1.7438596377380576e-12,6.0901700532342016e-12,2.232678108646172e-12,1.7810168930819905e-12,3.477969930939202e-12,2.0165038353715067e-12,2.7339191116093486e-12,2.02566473131067e-12,9.303975098773612e-13,5.041329113753742e-13,1.017731216497718e-13,3.7149581284007724e-13,1.640894515515134e-13
18438.2163174858,1.7550028418382e-11,1.116680222270892e-11,2.733802842215733e-12,6.532835126552418e-12,1.8205226653300183e-12,1.1010740203635442e-12,4.425133587871731e-12,2.0073292397533495e-12,1.4444575005484477e-12,1.923012194107524e-12,1.2530044151336075e-12,1.1191708296865404e-12,1.032276891112647e-12,6.156534571640163e-13,4.2840376822313737e-13,3.783251289495507e-14,3.010547941614408e-13,1.5268198840477883e-13
18773.456614167357,1.6630275544129568e-11,1.4361568778882648e-11,2.242688795081633e-12,7.310022164631609e-12,1.59740892281721e-12,1.5165972737918402e-12,5.056536180738157e-12,2.0535634385663363e-12,1.6436344761167907e-12,3.504231112420423e-12,1.7826627394830344e-12,8.611564529712878e-13,1.1361987180211172e-12,9.976525153862266e-13,2.812857361748409e-13,4.1671154861180317e-14,2.3822401220779144e-13,1.0620333892625924e-13
19108.696910848917,1.3899875609061235e-11,1.3477507469317274e-11,1.7598685737228869e-12,5.637989643778897e-12,8.064604240177883e-13,1.2414828282137822e-12,5.413659099621357e-12,1.8945756689780356e-12,8.808002008138491e-13,1.889938624428182e-12,1.5528376962237211e-12,7.853709795585398e-13,1.3073437727345215e-12,5.545697694434815e-13,2.0410777681805807e-13,5.964675996160216e-14,1.5583703934357952e-13,1.1884624740759806e-13
19443.937207530475,2.3387707833973162e-11,1.4688270955383723e-11,2.7398596108982005e-12,8.975008326967852e-12,1.4651289652672732e-12,1.883366530161417e-12,9.379371796586481e-12,1.3997550058303268e-12,7.662796727496165e-13,3.110807740518479e-12,1.4123247682808427e-12,1.5045692573669106e-12,1.997134057083068e-12,6.970952831963191e-13,2.621977269603866e-13,6.646878195057565e-14,3.0522504174781505e-13,1.7997650265217152e-13
19779.177504212035,2.923438916332776e-11,1.8802251468886596e-11,3.502395631682836e-12,1.2236283589628465e-11,2.0692325578842453e-12,1.986945378649145e-12,1.0563536033894497e-11,2.1088940544384967e-12,1.7006718213882654e-12,4.643272773048697e-12,1.2286231300483282e-12,1.453552472636608e-12,2.062607714095834e-12,9.95850356545834e-13,3.1337521987015314e-13,6.611770621408372e-14,3.351289366461332e-13,2.4922862720308586e-13
20114.4178008936,2.390811165940855e-11,2.3157150526144068e-11,2.118850013174596e-12,1.1502672482639095e-11,1.7870934554231574e-12,1.6232038557545513e-12,6.239935275341898e-12,3.1793865929321176e-12,1.3145905789676175e-12,4.401375038838073e-12,1.5425344589837352e-12,1.9468040816611785e-12,1.7423819133309978e-12,6.605134807933331e-13,2.2398493981592388e-13,2.898937235065029e-14,1.9250985967771683e-13,2.3325952168107586e-13
20449.658097575157,2.127715334349571e-11,2.0136455512664055e-11,2.5255775165559004e-12,1.215720838061271e-11,1.4441887341617014e-12,1.5948916935195513e-12,7.031375607260699e-12,2.220498086964183e-12,1.2576628315178316e-12,2.8728919355083944e-12,2.4967383199441574e-12,1.3927853705889595e-12,1.6075433094661739e-12,6.566844100718169e-13,2.4222280336904186e-13,2.885515399495178e-14,2.1918046547822966e-13,1.942778515283579e-13
20784.898394256717,1.3600734719735677e-11,1.0170705411619434e-11,1.918767343876161e-12,7.920069991234396e-12,9.56410795831338e-13,1.0071808232405972e-12,4.700347478895927e-12,1.4136605607218486e-12,1.5194293526370354e-12,1.71142100328238e-12,1.9177350686029566e-12,1.1338196767300399e-12,1.4270337817788657e-12,5.516041453991103e-13,2.767635074296923e-13,3.907532527616986e-14,1.5277957473219522e-13,1.1110752596981235e-13
21120.138690938275,7.870035737887167e-12,6.961735218546122e-12,1.4811057296662968e-12,3.0413032631813794e-12,5.458212784936659e-13,6.518746456607469e-13,2.5729172031938186e-12,1.1441076335623718e-12,8.038941220226325e-13,1.047382869021695e-12,6.649056149835653e-13,5.467338052108295e-13,7.57617569489701e-13,5.143090806856677e-13,1.4315627121818044e-13,3.12681551285136e-14,6.010282969223466e-14,6.663388087985085e-14
21455.378987619835,8.98916661678226e-12,8.089452327838256e-12,2.964656828344555e-12,6.306361084456523e-12,5.589251645310703e-13,1.5392927004844788e-12,5.598999196588372e-12,1.3177451043185409e-12,1.2158303125490079e-12,1.5501342873647096e-12,1.1611838605224875e-12,5.359372314971108e-13,8.793606421622023e-13,9.361077987439281e-13,1.9890282127230275e-13,6.285242567656054e-14,1.7458461936714587e-13,1.0553528380178272e-13
21790.619284301396,7.528480283284428e-12,9.685715371351048e-12,1.5027013001111738e-12,5.195227078163391e-12,7.511807016859248e-13,1.4141658133948986e-12,4.015914967524423e-12,1.41150295496191e-12,1.5184741978856626e-12,1.623237758943566e-12,1.428024782784399e-12,9.298962092711313e-13,1.4613786022135325e-12,6.402617575496804e-13,2.1873689447083753e-13,5.767901332204852e-14,3.0523024809390803e-13,1.2491685436772445e-13
22125.859580982957,1.5453933791659714e-11,1.584930520599346e-11,1.2764402133107389e-12,7.935243828635602e-12,1.3084387839247682e-12,9.755747563603238e-13,5.5805532059473296e-12,1.3433246538701295e-12,1.7445520625316116e-12,2.4885317814124107e-12,1.968184557327487e-12,1.2101509390151144e-12,2.360579262959928e-12,3.063326757544118e-13,2.9783160535236426e-13,6.545206284860001e-14,2.2716650925826074e-13,2.3340375968305485e-13
22461.099877664517,1.3996855109804345e-11,1.2479042702631562e-11,1.2703906364060457e-12,9.12406587803748e-12,1.6388116395121242e-12,7.573306085688352e-13,7.0015499313817135e-12,1.4503672493636237e-12,1.848175985476404e-12,2.9997848993082367e-12,1.2429061525301878e-12,1.4412874671928238e-12,1.8803427790160782e-12,6.274360018157501e-13,3.5735536406746904e-13,5.857308224717428e-14,1.6481271046497838e-13,2.5968514080855074e-13
22796.340174346074,9.160936721436659e-12,7.745730836357658e-12,1.4384378608634551e-12,5.367480704406122e-12,9.028500121274743e-13,5.824210035340318e-13,4.9665907301715556e-12,8.619442649338806e-13,7.89455402710799e-13,1.832371391722051e-12,8.782326461703328e-13,1.044338464282852e-12,1.1449536484938402e-12,6.515324702095093e-13,2.1914242797005472e-13,3.119387323364508e-14,1.8929901053635688e-13,1.894458645413869e-13
23131.580471027635,4.709055439263848e-12,6.587233091088656e-12,1.0434778342243921e-12,2.6473883794940407e-12,3.0704887855509004e-13,6.648295188100006e-13,2.891156894330407e-12,1.2113604146194007e-12,5.984833336935864e-13,1.284108588560246e-12,9.096698670209476e-13,9.298331865022632e-13,6.989010209228638e-13,3.915212447988683e-13,1.6996851648187271e-13,5.044311131128629e-14,1.871324264444262e-13,9.026526734807401e-14
23466.820767709196,7.83956774788323e-12,7.631798115904775e-12,1.309321846565165e-12,4.641784749003045e-12,4.668767606336503e-13,6.971682255512102e-13,2.3124280948507964e-12,1.3006311896445226e-12,4.677351711118036e-13,2.0579240825674256e-12,9.334233640503061e-13,6.087086645780307e-13,7.851788453318129e-13,5.596215478060475e-13,1.6711621665045e-13,6.072605180494985e-14,2.517548579673866e-13,5.831199484787052e-14
23802.061064390753,8.911398493123831e-12,6.3785457582399165e-12,1.0041614889125301e-12,4.408041207717808e-12,9.321649404383157e-13,7.238260191520447e-13,2.0411648468787856e-12,5.858035982546149e-13,7.463066448310337e-13,1.2437347870526667e-12,6.227312928612913e-13,1.285294875055271e-12,9.461664882359514e-13,4.1923080255787427e-13,2.0287086581673997e-13,3.8436313667564087e-14,2.4075073325806356e-13,8.207169570612011e-14
24137.301361072317,8.19514751838664e-12,5.5514981646636925e-12,9.221820733066254e-13,3.0859989673369004e-12,8.391382829350358e-13,4.012560729390996e-13,2.7160927580189057e-12,4.925394721236713e-13,4.653545705334446e-13,1.1894078578344399e-12,3.451300629482256e-13,1.179400696210915e-12,7.984939064566535e-13,3.391085146407456e-13,1.8873978208949228e-13,5.367846263124732e-14,1.3542459371198313e-13,8.985530013135822e-14
24472.541657753874,8.591126059367276e-12,6.4795955878612334e-12,1.1102821541526915e-12,3.040531822529833e-12,3.218220080112301e-13,4.0428771915668396e-13,2.0688205261689035e-12,1.4169298972141652e-12,4.485377646256041e-13,1.0320075887281958e-12,4.772235227383673e-13,6.136260954674248e-13,5.840980681023719e-13,4.5227756789139105e-13,1.6549789533742654e-13,2.872926876889323e-14,7.219814035484407e-14,8.993464226460261e-14
24807.781954435435,5.111850620099941e-12,4.671028337662936e-12,1.3259508175835262e-12,2.905071264393236e-12,2.6916994736292354e-13,3.7426883978007046e-13,2.043346610039031e-12,1.698610259934128e-12,5.281854369063574e-13,9.109881556051516e-13,5.862879295625591e-13,4.910214770697011e-13,4.2857408231558533e-13,5.075608439934837e-13,2.466551557619554e-13,3.7795435968631876e-14,9.546404630819788e-14,4.152572974308093e-14
25143.022251116996,4.081965226436581e-12,2.984330391583004e-12,1.1226747398077382e-12,2.4727729586195316e-12,3.801497312698353e-13,4.598266415249545e-13,1.742279622900821e-12,7.433817107824006e-13,6.271845708114923e-13,7.598723422421068e-13,5.233123655970123e-13,4.1033734216375307e-13,3.8287666153285236e-13,3.7866137573412795e-13,1.508802837465769e-13,3.1838784389793356e-14,1.1317864180420775e-13,3.4395099025148844e-14
25478.262547798553,1.1065820255553939e-11,5.557450108228713e-12,1.3289636534232588e-12,4.806131744603345e-12,8.866956401120199e-13,5.108668160475783e-13,2.4257621139208693e-12,9.79821378345409e-13,6.613867865549721e-13,1.7717450402342174e-12,5.991818120762819e-13,1.0588171923295699e-12,5.197933846094831e-13,5.469633789802746e-13,1.2203800517115303e-13,2.131155007346536e-14,1.1523971964215575e-13,5.69950397177474e-14
25813.502844480117,1.0497743768696667e-11,8.590756165575292e-12,1.1471102244139602e-12,5.471531581821038e-12,8.233068731744251e-13,7.112493662141412e-13,2.5169253698954252e-12,1.0686248714551154e-12,4.1442691575380997e-13,1.5516129931241407e-12,8.996150082672817e-13,9.31764340825977e-13,7.407626989618656e-13,4.453144333001809e-13,9.829948201728118e-14,2.6127977923177468e-14,9.632893799475658e-14,5.19361239567657e-14
26148.743141161678,5.337995107668817e-12,5.519467855824347e-12,8.977085241161878e-13,3.1049947463061272e-12,4.614052550124894e-13,5.711638837663407e-13,2.1385019425928203e-12,7.517680590109399e-13,5.513849242384597e-13,6.475757856915659e-13,5.602623716871556e-13,5.439414512398033e-13,6.685517153573341e-13,3.5502304983514103e-13,1.000501749672821e-13,3.748394840371069e-14,1.0366101167125756e-13,6.956638829469e-14
26483.983437843235,7.522732242575664e-12,6.151751860771747e-12,1.3396455598023371e-12,4.032367637963405e-12,9.012412514583841e-13,4.522921681788944e-13,4.036234879261599e-12,5.045730228118724e-13,1.0858082592085676e-12,1.4970542713480495e-12,2.4440896332636507e-13,5.975808400858265e-13,1.0264735616715132e-12,5.852430527876539e-13,1.1935212745648389e-13,4.803136566181829e-14,7.291098872629097e-14,9.632404558063936e-14
26819.223734524796,7.641932144296654e-12,6.671655412109067e-12,1.2939819793010755e-12,3.762483970341125e-12,6.245319015467123e-13,2.6724980886062976e-13,3.821039288026205e-12,7.957474701343094e-13,8.462926549567277e-13,1.6522465536283443e-12,5.276065167856325e-13,5.081163455929174e-13,8.218771278010728e-13,3.09878072354318e-13,8.665971440053922e-14,3.473830426851321e-14,5.0811279704520343e-14,1.0427510656011858e-13
27154.464031206353,5.24779206191201e-12,5.082603298570952e-12,1.320157568840125e-12,3.2230168165748257e-12,3.142817945120903e-13,1.7144338010105088e-13,3.0329573083390837e-12,5.423613377715898e-13,4.478740157063863e-13,8.816041993042111e-13,5.970131019396675e-13,3.041318998432233e-13,5.835349367004485e-13,2.0258630379448607e-13,8.462917050775321e-14,2.9472547284900563e-14,3.7697213552556987e-14,9.974884144662341e-14
27489.704327887914,5.068533261127702e-12,6.076452878105376e-12,7.101958131820845e-13,2.559037102255033e-12,2.6914320038815963e-13,2.624645081620883e-13,1.7611108043639585e-12,6.604284973518983e-13,3.4147866827754503e-13,8.256568462023176e-13,6.49801347878775e-13,3.1150567161937184e-13,5.825452488181856e-13,1.5502386291590074e-13,6.26139272972051e-14,1.6130365993192875e-14,4.747501373640432e-14,9.320497495991341e-14
27824.944624569478,5.994716724776939e-12,6.841732112730553e-12,6.741852347090579e-13,3.0584502851498514e-12,3.390717560278735e-13,1.7978725690522455e-13,1.8343911365543553e-12,7.660852118701247e-13,2.906462198810555e-13,8.863250583555372e-13,7.290743669611389e-13,4.386383356103107e-13,6.240074843065742e-13,2.0805002619279666e-13,6.382724387499357e-14,1.485998706837986e-14,4.67153779956462e-14,1.1404756846915861e-13
28160.184921251035,4.939850046652885e-12,4.3018970032533744e-12,6.375250056141935e-13,2.9230216603306812e-12,4.2038954311308595e-13,2.719965510560812e-13,1.9766948146796367e-12,4.669706894977785e-13,2.6072679529951165e-13,7.728758212591645e-13,5.512766104238131e-13,4.211164533370443e-13,3.1727994552317797e-13,3.2602643811400883e-13,6.951172874495749e-14,1.4625000388530247e-14,6.373360682469121e-14,9.65849594896957e-14
28495.425217932596,1.898493050690439e-12,1.4326285630538632e-12,2.231786735249127e-13,9.59672757838795e-13,2.1634700146335318e-13,2.2341281145172782e-13,6.271973330731204e-13,2.2310230200380752e-13,2.0239830227295263e-13,3.3208678986404343e-13,1.6440952688296451e-13,1.889093956493929e-13,8.821361700679999e-14,1.3714280748464644e-13,4.032609432469037e-14,1.3762128034359665e-14,6.196802821455678e-14,3.1102832143201576e-14
28830.665514614153,1.9281569541788858e-12,2.015507836728945e-12,5.148553969319013e-13,1.1871312530086561e-12,1.207146000322932e-13,1.0472226080324655e-13,9.83513033489399e-13,1.613272184850723e-13,2.0547870686434908e-13,2.5672758967298603e-13,1.186007616394278e-13,1.2524095116090704e-13,1.736309340729645e-13,1.4733759158057355e-13,3.878928620252416e-14,1.452813105196377e-14,3.197309911291344e-14,3.601963036304301e-14
29165.905811295714,1.9899118428892422e-12,1.9263899388973122e-12,4.032952017270049e-13,9.600371598922982e-13,1.4506509768651215e-13,1.639983348723401e-13,9.149281723260074e-13,1.539278495516192e-13,2.7889069145195224e-13,2.920296392677831e-13,1.3544406907311566e-13,1.345488237635237e-13,1.8034166747319161e-13,2.0082798628068937e-13,5.1961045123443367e-14,8.814771954854852e-15,4.712480927047403e-14,3.028066874974637e-14
29501.146107977274,1.1532023026928678e-12,1.2776821188597346e-12,3.4593453580811956e-13,7.258311025198668e-13,1.2074021439614795e-13,1.6129209392083517e-13,5.538842081868186e-13,1.5915012057969757e-13,3.2399844931793283e-13,1.5634767822987713e-13,1.1270058141353919e-13,1.2506890145794598e-13,8.545596893247036e-14,1.1479737932232617e-13,5.458636154647485e-14,1.3307858172337336e-14,3.8989016696527456e-14,1.5703244449794268e-14
29836.386404658835,9.888545123164965e-13,1.2096236890594907e-12,3.0660957982646397e-13,8.994228212992636e-13,1.6818132771097957e-13,2.0719469930435543e-13,3.401623495807467e-13,1.080359161316435e-13,2.3843439685714947e-13,1.8656484179475277e-13,1.5448895081834161e-13,1.8775804428809044e-13,1.2427543922423975e-13,1.1485740214729932e-13,2.874646167086849e-14,1.010434459947535e-14,3.193480349816873e-14,1.445156722864475e-14
30171.626701340396,1.056114676068224e-12,9.62313533378969e-13,1.2097661052790768e-13,6.560178987012555e-13,1.628854003552846e-13,1.3601967905701326e-13,2.7599639999982216e-13,1.6378035719369765e-13,1.577514480353468e-13,1.8419907222664595e-13,1.0970459422996807e-13,1.7347168215696828e-13,1.1497667853762704e-13,1.0150233906379197e-13,2.050496491371118e-14,6.9153407895008245e-15,3.306564900641246e-14,1.7338173505711557e-14
30506.866998021953,1.4523609526397888e-12,1.011037612546412e-12,1.5866820146447634e-13,7.079393132437266e-13,1.511459724651694e-13,1.3381575260656708e-13,4.0894357403011833e-13,2.1673911448089545e-13,5.945929821298858e-14,3.3392126289599846e-13,1.7516716568700008e-13,1.2621094132973045e-13,1.6256350109963208e-13,9.779856197210887e-14,2.6235353653796645e-14,9.21247643319954e-15,3.088516375409674e-14,1.6421750607501895e-14
30842.107294703514,4.1763712609370027e-13,2.9495210673825297e-13,1.2891241756285558e-13,3.0544165364160646e-13,4.598131573418509e-14,5.3056700749350186e-14,2.6707831648741025e-13,1.3278403608392445e-13,3.687981498279319e-14,1.3723893551550922e-13,6.72405870247569e-14,3.2030908976428777e-14,5.722541351389638e-14,5.430174756669012e-14,1.7970815170250714e-14,5.241451414925413e-15,1.642995408319846e-14,7.954704628077933e-15
31177.347591385074,3.5054557211832885e-13,3.2039118334858345e-13,8.560951188267106e-14,2.1912847862094688e-13,3.789394480372939e-14,3.695281861151887e-14,1.402608391810225e-13,9.45069049691357e-14,5.945657402978637e-14,7.729069140455142e-14,3.817706120604817e-14,3.878525295423913e-14,4.335270457308331e-14,2.6996520898430202e-14,1.4812697411215604e-14,2.41831555953027e-15,1.3439360603565625e-14,5.178565493458063e-15
31512.587888066635,5.076866538403893e-13,5.173421867374685e-13,9.146350193412737e-14,2.406912119118486e-13,3.380618371596381e-14,3.870489530264346e-14,1.88010165658978e-13,5.249744667495822e-14,3.328554567140485e-14,4.852203687145169e-14,3.262506826595104e-14,3.1850462040507594e-14,5.2708649071704144e-14,2.1838744789715955e-14,1.0540083233526413e-14,2.666142080996673e-15,1.1105446971372645e-14,6.663959064511062e-15
31847.828184748196,3.1592706217921545e-13,4.01047246807051e-13,5.6499537636346905e-14,1.5542432623514156e-13,1.92384531122633e-14,2.306217663584891e-14,1.5590573230046228e-13,5.42766536439729e-14,2.4253125596218153e-14,4.517557083412136e-14,2.3158573422220022e-14,2.5309283378125396e-14,2.406328792428544e-14,1.5123691719204113e-14,5.3973875090530076e-15,2.257743653718641e-15,4.40698204140941e-15,4.7915313844244145e-15
32183.068481429753,2.3623037324100856e-13,2.692264802933579e-13,5.011793608675599e-14,1.4164434229111603e-13,1.739131996970403e-14,1.822553857576455e-14,1.4444808278103738e-13,3.152505909984055e-14,3.2119039867832555e-14,5.0626246062421593e-14,1.977468807481578e-14,1.3097669849109957e-14,1.8255846341721344e-14,1.5440007594117203e-14,4.122095889891883e-15,6.657588693974845e-16,1.8024717660967004e-15,4.665977730728597e-15
32518.308778111314,9.439628177241476e-14,9.208649424184388e-14,2.294410542061953e-14,5.3321790853249676e-14,1.0869592868022936e-14,9.476371621002091e-15,7.171527979537929e-14,6.145450690799094e-15,1.5502850709684042e-14,1.9294964001116688e-14,6.115258124001532e-15,5.598061038957189e-15,8.677227380612302e-15,7.512428747876404e-15,2.380846797345393e-15,6.055224217880315e-16,6.197525819018261e-16,2.2022036555540126e-15
32853.54907479288,4.7245977425060015e-14,4.5016581234691216e-14,9.005232851507497e-15,2.1072249446665248e-14,3.945242004857641e-15,4.273218447446531e-15,2.614245524925792e-14,2.725634660844456e-15,6.262779995618317e-15,4.479553127417896e-15,2.411633959583014e-15,1.9950414638467208e-15,3.5519868850672683e-15,3.272264650502183e-15,9.404482914556308e-16,2.458710754932541e-16,7.142976537123989e-16,8.751218740543007e-16
33188.789371474435,7.741994838417827e-15,6.560621484225104e-15,1.269146030289024e-15,2.5142193908003074e-15,2.404086499066261e-16,9.512906049537765e-16,3.1210052897310306e-15,5.555806484562445e-16,7.48863055918171e-16,5.001987915888977e-16,3.238096264079647e-16,3.2965232414669874e-16,4.369130334939677e-16,5.8579587236434435e-16,2.2054539469772543e-16,1.1109915523025137e-16,2.3942016479716653e-16,2.7290110677950164e-16
