frame,s1_eV,s2_eV,s3_eV,s4_eV,frac1,frac12,frac123,donor_span_eV,acceptor_low_span_eV,acceptor_high_span_eV,acceptor_middle_gap_eV,low_acceptor_coupling_norm_eV,high_acceptor_coupling_norm_eV
0,0.13758073354338407,0.016827547033704027,0.007004544024350436,0.0034249687299646933,0.982152712974025,0.9968455413428037,0.9993913368619233,0.4351034789192024,0.037629504283331165,0.10309294799805012,0.8867753490920097,0.07839424987377812,0.11457207432889181
1,0.13756714332177647,0.016312384007799993,0.007013990083215531,0.0033362060522680163,0.983044109874777,0.9968663502284162,0.9994218383258789,0.44743682718933575,0.03125715927417992,0.10575815736110686,0.887477804255448,0.07838772247752272,0.11448364112933172
2,0.13750344729761532,0.015808132326305936,0.006972963612822555,0.003248978037577173,0.9839159692866154,0.9969204184711496,0.9994506812945286,0.45817633526303997,0.035091153753880014,0.10984499980075743,0.8801694960416043,0.07836009046277607,0.1143502049358637
3,0.13737726534173295,0.015333318537271042,0.006864081556700788,0.0031619065631726295,0.9847519991156751,0.9970198772436141,0.999478330793911,0.4670537942681329,0.04454244557506603,0.11653587429103555,0.8691914778085063,0.0783108504807058,0.1141584322591114
4,0.13719300403646406,0.014895602135873175,0.0066910773073438875,0.003073151972525939,0.985543327167377,0.9971612347597737,0.9995054845494554,0.47388523273083705,0.05560292998151574,0.12313809279201457,0.8586359733965706,0.07822879918388972,0.11392220624779523
5,0.13695061365230357,0.014507044469488682,0.00645906421082405,0.002978914201329219,0.9862725776292929,0.9973395003573965,0.9995333567558885,0.4785450858822503,0.0679362806095517,0.12887939956624359,0.8488599377460923,0.07811208619638804,0.11364427108010647
6,0.13658346181351738,0.014175811998506678,0.006187340949867453,0.0028736509287889925,0.9869067995024625,0.9975378406443756,0.9995631343151365,0.4810178454905167,0.08072436621898926,0.13341807246231394,0.8404382862393783,0.07803183301421623,0.11319703962963636
7,0.13620000377995933,0.013907383517073851,0.005882689792089751,0.0027564676601667805,0.9874577498856812,0.9977534324903555,0.9995955451137876,0.4814328356631765,0.09403010778115001,0.1375117176846434,0.8326529747684718,0.07782123208945917,0.11282693089498595
8,0.13575770291674566,0.01368620578967518,0.00558190629083841,0.002626128732559948,0.9879195833444067,0.9979601625028349,0.9996303211067368,0.4802898651384615,0.10692739031364873,0.14075356489072738,0.8263206453132149,0.07761992533419476,0.11238624271334287
9,0.13524159362664578,0.013549510447192456,0.005289901055837272,0.002488291584830591,0.9882341007397633,0.9981535254376671,0.9996654648023233,0.477476738553611,0.11909202867706466,0.14380536207256475,0.8207568075155045,0.07733614157541131,0.111924857535996
10,0.13464245468346675,0.013507566759380975,0.005021684876445884,0.0023617539788193015,0.9883736005379239,0.9983210408236155,0.9996958930070998,0.47356100668945394,0.1301318563097005,0.14692979685271854,0.8159308043804455,0.07701017174959068,0.11140589576365267
11,0.13396763042123835,0.013569063729353901,0.004784969083014214,0.0022807056593309527,0.9883137456999852,0.998452739291392,0.9997135600662722,0.46903104623261677,0.13985325129142295,0.1504392959855881,0.8115742660130677,0.07663833053340516,0.11084272340417857
12,0.1332139583191711,0.013739862368448777,0.004577798687900586,0.002282026802501714,0.9880324689457415,0.9985432869267703,0.9997100565966724,0.46444187072962534,0.14813318236460096,0.15449213601510514,0.8074777320799463,0.07622167897294838,0.11023230946807229
13,0.1323825148861754,0.014027518619244318,0.004393043029928992,0.0023845796493217777,0.9875044941058682,0.9985921447650281,0.9996795933709017,0.46036862441457743,0.154895129796795,0.15911728082931362,0.8035099900931079,0.07576241428364955,0.10957619794134636
14,0.13147630310978775,0.014436828548945787,0.004222915083518745,0.0025786194185543894,0.9867055575311929,0.9986025230840795,0.9996204516532115,0.457373872657477,0.16011117950799827,0.16415010281593367,0.7996844799010272,0.07526336197116876,0.10887767876233223
15,0.1305004891510721,0.014967928235176068,0.004061788726206438,0.0028346895433347306,0.9856141451795956,0.9985801456529932,0.9995349564213405,0.4559423008971239,0.16379154118259645,0.16926547371611916,0.7961393012539434,0.07472798886562229,0.10814193366537027
16,0.12940935161902734,0.015582227225059295,0.003909267142506862,0.0031109692325722964,0.9842625072011051,0.9985329906369157,0.9994311849854886,0.45639452776331435,0.16619262499999304,0.17375039600887052,0.7930395316733313,0.0740901578296767,0.10735546145251071
17,0.12835743479115364,0.01634104852942624,0.0037816127315511493,0.00338284571751713,0.982540134018897,0.9984647174412812,0.9993175471948393,0.45881540637826157,0.16683779898280823,0.17800305938994623,0.7906957384825162,0.07355090278787435,0.1065770607227227
18,0.12722604163869589,0.017157145142954477,0.003824254863151905,0.0034773177604591546,0.9805492459988895,0.9983815487990112,0.9992675025165361,0.4629763842641168,0.16665943749159612,0.18065654336647546,0.7891091065585262,0.07288424124372277,0.10580849371813184
19,0.1260950013692741,0.018035133930728788,0.00405918146148686,0.0033644520802187175,0.9782771002928794,0.9982897636402812,0.99930354214609,0.4684482663466623,0.16491443563479416,0.18221057747604674,0.7886485661620962,0.07229668475008347,0.10500572028371108
20,0.12492102486790771,0.018941079784547503,0.004305197566675327,0.0032199664027944834,0.975760075461628,0.9981927695573434,0.9993517020507665,0.474684850729196,0.16222719660055837,0.1820691150525066,0.7892030613018877,0.07165262188382779,0.10420571790621407
21,0.12380020671473065,0.01989678359725902,0.004538781895193942,0.0030756128690422203,0.9729602449349272,0.9980917274562288,0.9993994962904641,0.4809991939522581,0.15859911220068518,0.18028265393419382,0.79089284398996,0.0709989599939425,0.10349676707761013
22,0.12272113260889307,0.020882826755720514,0.004754601337084516,0.0029353573283037804,0.9699046053729286,0.9979892467822455,0.9994451031428989,0.4868817322374777,0.15400897945657027,0.17721417671880677,0.7937444493305875,0.07037654593354421,0.1028344941209034
23,0.1217054228775246,0.021873694490238304,0.0049493484859691435,0.0028001872881866898,0.9666647899017692,0.9978896373076716,0.9994882825817519,0.49197350736966694,0.1486728899639482,0.17259713794346163,0.7977777880693622,0.06975831511456702,0.1022584130529642
24,0.12075200465450371,0.02283941671810469,0.005117444149618971,0.0026700207113655922,0.9633353529657429,0.9977988082058867,0.9995290030875715,0.49604270397415606,0.14277054354460791,0.1665722535705082,0.8029810944168825,0.06915357055761762,0.10175355771893545
25,0.11989052520296624,0.023779176417375168,0.005248272057679061,0.0025479553230043418,0.9599628190294099,0.9977268464960946,0.9995664209352706,0.49882229649963195,0.1367711637106831,0.15903690440527304,0.8093888479131063,0.06859472805723303,0.101331076098132
26,0.11907566059938524,0.02470939955886839,0.0053600930048671265,0.002419305938843212,0.9564806062563236,0.997667074612328,0.9996051685374098,0.5006488384159355,0.13026155454327978,0.1513802367423171,0.8166098362969266,0.06806351472259828,0.10095300379678145
27,0.11837661344470275,0.02560970601372143,0.005430341667337293,0.0022938647897190467,0.9530314987051344,0.9976366090475126,0.9996421417265514,0.5010548580607544,0.12468322408189503,0.14278210160237886,0.8247618994702787,0.06762538544245343,0.10065007363535783
28,0.1177733340366009,0.026491924355468956,0.005475912073443869,0.0021635257240563634,0.949579916691599,0.9976267306285291,0.999679548943226,0.5004466355433789,0.11943445052260884,0.13401136160290197,0.8333943130116087,0.06722607456106956,0.10043755085552879
29,0.1172597857650186,0.0273604082909663,0.005496973109293634,0.002026726424558877,0.9461275393816185,0.9976381429841673,0.9997173547112358,0.49887694048135156,0.11400713135986412,0.12546600214662434,0.8421808683114335,0.06689758597263454,0.1002870212136382
30,0.11683110036354624,0.028202039179035833,0.005496724938602885,0.0018806797308514923,0.942735812173962,0.9976689104330657,0.9997557116484632,0.49645604432527224,0.10798908804556175,0.11756062223422174,0.8506824027771146,0.06665168838718692,0.10018065882420077
31,0.11649674910791745,0.02901033892123418,0.0054812881718648895,0.0017259404168294128,0.9394561713067737,0.9977140297769737,0.9997937943747105,0.4933054283727311,0.10133821836142046,0.11071199939804094,0.8584222406574183,0.06648856314060153,0.10012685293607126
32,0.11625937612985791,0.029777514726710846,0.005454556696329727,0.0015631270391186767,0.936343115814079,0.9977696400386623,0.9998307348319218,0.4895676979480666,0.09418746664420449,0.10550108937027668,0.864959212124214,0.06640894083231683,0.10012487729743788
33,0.1161106676741634,0.03049017847175995,0.005421060592156516,0.001394386877663358,0.9334622217997118,0.9978305803592529,0.9998653770585125,0.48547332467307025,0.08688055858443143,0.10269794592960735,0.8699442141297331,0.06641004279243021,0.10016175198146146
34,0.11604417888674484,0.03113860447686232,0.005384469108179856,0.0012241406145683204,0.9308669181124722,0.9978922798823419,0.9998964134208916,0.48129105079860984,0.08001137691519909,0.10343968273060959,0.8730702321901487,0.0664905840232157,0.10022653045146378
35,0.11605494925496525,0.03171252690994447,0.005346560732228153,0.0010581983410012771,0.9286141901880121,0.9979519300607118,0.9999227955850131,0.4772977504711728,0.07428748256876358,0.10803947591857342,0.8741189261278897,0.06664733805650323,0.10031088393071308
36,0.11614098814207764,0.032204770417218975,0.005307990814798801,0.0009043321960853733,0.9267502974650227,0.9980080491747791,0.999943811467913,0.4737598912218254,0.07040457105577065,0.11521906040937477,0.8732053304362918,0.0668739988660667,0.10041283395620393
37,0.1162962652511168,0.032606148654328745,0.005268195441929044,0.0007733040780112203,0.9253223959419845,0.9980602603791608,0.9999590869234376,0.4709280900234531,0.07007684890571085,0.1235684361891629,0.8708957646593167,0.0671582270574259,0.10052913340092497
38,0.11644731945016859,0.0329151859658696,0.005227993571386979,0.0006855608383484565,0.9242589449754705,0.9981049995785991,0.9999679648565399,0.4691691173479334,0.0762085688668509,0.13234792864288897,0.8677924690684193,0.06750347303972105,0.10057072492688207
39,0.11665623940055807,0.03315032775055733,0.005180601284617218,0.0006406620166006162,0.9235695195868726,0.9981507081692302,0.9999721444588401,0.46833731861091854,0.08601711450969975,0.14111554607500898,0.8644174218898907,0.0679047631021678,0.10061716874658048
40,0.11689513373919752,0.03330751439511339,0.005123593154085243,0.0006440571755693792,0.923242166196938,0.9981983065083742,0.9999719733226867,0.4684570930524732,0.09696724557630579,0.1496088687742247,0.8611450867165583,0.06834090540169624,0.10064814689012398
41,0.11715051590462135,0.03339563988038639,0.005055021560313876,0.0006875959932912342,0.9232254640820972,0.9982492372004359,0.9999681956855817,0.46945820091243423,0.1080095066229349,0.15764273838731727,0.8581728254944601,0.06880017132242616,0.10065820680386386
42,0.1174113747728687,0.03342619836525674,0.004973270791460133,0.0007564089970478736,0.9234584205349531,0.9983048300605619,0.9999616725107036,0.47117638211821233,0.11855455112926336,0.1651117984303292,0.8555808552739389,0.06927181856880138,0.10064523035055152
43,0.11766835161533323,0.03341183615795235,0.004877971547492233,0.0008371532635772463,0.9238760232813529,0.9983655205664149,0.9999532367909334,0.47337880160198104,0.12819263411776283,0.1719558974410516,0.8533766745753995,0.06974615336325692,0.10060895233700345
44,0.1179138846575844,0.03336487918618843,0.004770254064472432,0.0009208929224827523,0.9244161879791558,0.9984306796092753,0.9999436159954131,0.4757850173575869,0.13661879728353038,0.17813594665450655,0.8515257002613451,0.07021438940561751,0.10055069490640864
45,0.11814220583459824,0.03329595923891328,0.004652692242890669,0.0010025041924214225,0.9250258871983258,0.998498722343576,0.999933393573929,0.4780888188804895,0.14361136371761346,0.1836182939605636,0.849970574793336,0.07066890520519621,0.10047268334211955
46,0.11834879163599975,0.03321336676116615,0.004529050269888666,0.0010793964405697413,0.9256633953843005,0.9985673751310655,0.9999230005900225,0.4799807464108062,0.14903200766028094,0.18836475337586445,0.8486401813830544,0.07110348492699069,0.10037696965725407
47,0.11854728677504585,0.033079407224322,0.004402365195480094,0.0011526376794601244,0.9264948567048321,0.9986347029749855,0.9999124118405216,0.4813118072830176,0.1530194231354408,0.1924954070367044,0.8472527898281443,0.07147492707883393,0.10029830794209514
48,0.1187075834910773,0.03298525826514902,0.0042812138240169275,0.0012170265759420193,0.9271127487712981,0.9986966564553182,0.9999025513676109,0.4815822741134417,0.15538922441767958,0.19566188700373582,0.8460249803808321,0.0718447788251243,0.1001880998031809
49,0.1188222668962208,0.032920040046954986,0.004168857669193215,0.0012750324597405925,0.9275540099368946,0.9987514288701286,0.9998931963678316,0.4805923117423297,0.15664528914982842,0.1978415150209146,0.8444673588416695,0.07219956054633084,0.10004343399746908
50,0.11887834833196836,0.0328488969969322,0.004067947657890495,0.0013293834347349104,0.9279444014300079,0.9987973639303728,0.9998839575320873,0.4783730397792686,0.15738376063196202,0.19885181676954738,0.8422503449324198,0.07252862958404145,0.09984500530911228
51,0.11886056326312984,0.032798684211881195,0.00398183382088151,0.0013787940465272164,0.9281594442071255,0.9988334752526181,0.9998751047794924,0.4748236745037818,0.1579699401242736,0.19868929064930682,0.8392310587911703,0.0728219963399131,0.09959066275474186
52,0.1188987870394934,0.03275322240860898,0.003910513129932328,0.0014265570711509451,0.928410116333403,0.9988620770589637,0.9998663517373871,0.4700885612906397,0.15774587229133305,0.19778648638571117,0.8358380205479155,0.07313046548730615,0.0993929440817464
53,0.11886852268552522,0.032682378407912195,0.003855438460399723,0.0014739316955702205,0.9286768425354324,0.9988802502881955,0.9998572140084631,0.4644638474359383,0.15684881916783575,0.19584338639143573,0.8328258316555753,0.07338208825580947,0.09914620288956555
54,0.1187721819576665,0.03259333103076637,0.0038142800736374965,0.0015235334675497555,0.9289349898683413,0.9988891177751252,0.9998471519686833,0.4582018841138369,0.15529126314476566,0.19294124107098581,0.8304656031871546,0.07360468403638862,0.09883509907556341
55,0.11862109432769029,0.03250283947686386,0.003784377304481185,0.0015743526378864852,0.9291322906056723,0.9988906578582682,0.9998363342769774,0.45170913035247096,0.15338287523623953,0.18929317418796096,0.8287706244303115,0.07380860792621682,0.09847074736876262
56,0.11842178981238537,0.032412685160487134,0.0037619999589269463,0.0016267039034517958,0.9292708365394673,0.9988868400669477,0.9998246539108054,0.4454964565422348,0.15150932047129162,0.1851879909425278,0.8276650533273239,0.07399793464310925,0.09805818140020871
57,0.1182017928825291,0.032343038156216836,0.0037438723328692665,0.0016751106251145095,0.9293032322525817,0.9988810728553322,0.9998133636182183,0.4401074929772141,0.1504021808532167,0.18061626989819163,0.8271117849444635,0.07411870587065267,0.09767791958026993
58,0.11790614729299921,0.032233349244329,0.0037234196411380974,0.0017381380326908277,0.9294095063469552,0.9988711539877806,0.9997980226181422,0.43596509954323615,0.1497565832467035,0.17689358860742746,0.8265568646340669,0.07435604372100511,0.09710258551032508
59,0.11762935537362722,0.032146661891624934,0.0037005139524260646,0.0017967910321308618,0.9294464661513977,0.9988632856331541,0.9997831356878142,0.43339231779694853,0.15075676525964696,0.17351997932250393,0.8260602595299963,0.07445378584236167,0.09666244954300776
60,0.11721601998670689,0.0320648713812494,0.003667826315552288,0.001867849182433118,0.9293121759071985,0.9988540979307496,0.9997640221181493,0.43273825132606986,0.15316623453797007,0.1716908741354911,0.8249833842805702,0.07470119025551031,0.09593969617983762
61,0.11679959398231603,0.03200428975231254,0.003626582033970741,0.0019415950619736428,0.9290899524679429,0.998847545123698,0.9997432606632785,0.43395156180112404,0.1572387972895065,0.17122924671239076,0.8234631768211896,0.0748779433950021,0.09527137659629212
62,0.11635747760422943,0.031970443513825955,0.0035748199138329164,0.002020429732144863,0.9287303912048795,0.9988433643042856,0.9997199803148287,0.43695502582860624,0.16266295082233467,0.17244367936547644,0.8213404943848804,0.07505032797934487,0.09458055612440183
63,0.11588972027522827,0.03196810079656153,0.0035126496338622275,0.002105287360091427,0.9282107200644234,0.9988409178547919,0.9996936770634678,0.4414616638815275,0.1690693208620514,0.17514446381176887,0.8187162241213063,0.07522208652925644,0.09386583710015937
64,0.11540143223879168,0.03200014733896585,0.0034413916795960073,0.002196626920306549,0.9275201577482368,0.9988391035593212,0.9996639425229531,0.44705411014975044,0.17602612068321485,0.17893766993617408,0.8157637031549594,0.07539180854384675,0.09313561909112593
65,0.11490032010990842,0.032067072078858706,0.003363604054719835,0.002294725063447008,0.9266596742478279,0.998836271384115,0.9996303939213977,0.4532324547717546,0.18310887220793579,0.18336476909545998,0.8126773730134207,0.075556226132327,0.09240247269994752
66,0.11444498950294947,0.03216065745469002,0.0032831437576671834,0.002395061858823326,0.925728889146067,0.9988327116717437,0.9995945626832021,0.45952778611105155,0.19004618136642867,0.18762777634331854,0.8098688131252152,0.07569908622982685,0.09175035263397338
67,0.11394598746734946,0.03228137702710621,0.0032028429494194285,0.002508532191438829,0.9246109072735105,0.9988213536445988,0.9995518738404648,0.4654065937646062,0.1964088728808893,0.19191836531390155,0.8071189993502955,0.07583589723436408,0.09105626277224782
68,0.1134375403257624,0.032461744045521594,0.003125404067313875,0.002627537584726767,0.9232029291578383,0.998803882095747,0.9995046850396628,0.47054457792060284,0.20207379103612727,0.19573110297620588,0.804679928101594,0.07598045982448502,0.09036305777716293
69,0.1129469633290973,0.03268117433340955,0.0030585751762059895,0.002749166948726443,0.9216173342266125,0.9987781523556135,0.999453986042414,0.4746175149767069,0.20677308858111976,0.1987332619806659,0.8028861745328039,0.07610723975101367,0.08971998963206224
70,0.11247315307664026,0.03293961226848349,0.0030269526822994807,0.002854760641596318,0.919845342635666,0.9987411706885759,0.999407407058549,0.4774428533919018,0.2104068025760714,0.2007146238539401,0.8018474960377441,0.07621467425249556,0.08912835547033872
71,0.11214486467558313,0.033203846315455685,0.0031056332090019676,0.002883620960419385,0.9181965637987043,0.9986887403009409,0.9993929097919682,0.47863917708486203,0.21257177861931503,0.20215453847520143,0.8015275256966027,0.07633542320242391,0.08871205935623591
72,0.11181281616718285,0.033499385229203135,0.0032589948798024296,0.0028662007456618367,0.916364996636829,0.9986193691923828,0.9993978585430724,0.4785686342882878,0.21378804790100625,0.20211571975954723,0.8021121024342512,0.07641907261174143,0.08833615435071412
73,0.11152059637562653,0.03383010889943794,0.0034409807437032324,0.0028492223735088035,0.9143878482495623,0.9985326072693741,0.9994031393172333,0.47721533072634803,0.2138087351767868,0.20096688605330731,0.8035754190286332,0.07646178412266923,0.08806176054062169
74,0.1113049064132373,0.03420428006984102,0.0036418509423365494,0.002843050834719133,0.9122773606897309,0.9984281354581858,0.999404793685473,0.4746447463887775,0.21253552786590404,0.19911201324506492,0.8057462720990121,0.07648820629880977,0.08791823064803651
75,0.11117449916811961,0.03462517892809183,0.003859748049609476,0.0028495321060819667,0.910031776252677,0.9983052559275755,0.9994021485277969,0.4710617536488127,0.21000018111792737,0.19686271854171355,0.8084109653923746,0.07650421150343435,0.08791356773304355
76,0.11114294554099818,0.035093485961642044,0.0040925092181013974,0.0028692500830254175,0.9076708528487347,0.998164398671207,0.9993950751986144,0.4667463352418554,0.20626514314577196,0.19456978742599257,0.8113340995693359,0.07651419067978231,0.0880617224043816
77,0.11121781171513549,0.03560858405084344,0.0043383296050192015,0.002901786933262564,0.9052141030829242,0.9980064222504732,0.9993837830196424,0.46205309697833774,0.20144226225847453,0.1925590788020669,0.8142815475745124,0.07652339619831933,0.0883673254447151
78,0.11145544164051838,0.03617999162162787,0.004586423847402611,0.002945333225162384,0.9027177996320619,0.9978409829479269,0.9993695969223055,0.4573393350480744,0.19551322329938525,0.19134084614652486,0.8170608194513449,0.0765576257572299,0.08888164869620305
79,0.11173583955723455,0.03675763470250636,0.0048601372774080475,0.003007858450592634,0.9002218748894026,0.9976444676802869,0.9993476519659555,0.45307873801321574,0.18904137850634065,0.19054958950046527,0.8196354486136305,0.07656293157895468,0.08948076444316574
80,0.11210263845327571,0.03737970717536506,0.005142701112798897,0.0030717776693104707,0.8976348089011982,0.9974369380973612,0.999326019122432,0.44978030254262924,0.18246235442935424,0.19057618291536893,0.8214712572272573,0.07659394585327688,0.09018588973953981
81,0.11258382523650501,0.0380227021847422,0.005433954164828945,0.003144029157082815,0.8951192252096688,0.9972166621709204,0.9993019251144313,0.4475274181442354,0.176010168217585,0.1915443574345642,0.8227141889486466,0.07665916527682883,0.0910144424944711
82,0.11317480719209795,0.038672049816827744,0.0057319952095039785,0.003220626034512497,0.892749407236323,0.9969870133496641,0.9992770460373201,0.44661774755594247,0.1702790118818837,0.19355308525786766,0.8230215010884139,0.07675636223012779,0.09195517102554433
83,0.11382825422966032,0.03930260984383137,0.006045395763895723,0.0032960320158608265,0.8905692303019749,0.9967413079136417,0.9992532927317508,0.4471729231309402,0.16623848126160087,0.19613386565856844,0.8221957702792135,0.07685312022705182,0.09296545137773833
84,0.1145585345256454,0.03992158529330733,0.006359028338177153,0.003367234078820948,0.8885848771457104,0.9964943514309165,0.9992323016003578,0.4491565402367518,0.16395442447611597,0.20004097780627447,0.8197654601048531,0.07699643567001717,0.09402507753708328
85,0.11535231821291696,0.04050158263496047,0.006674811193958986,0.0034319322883852085,0.8869076500582951,0.9962453000119681,0.999214939424089,0.4523917565334871,0.16407158075822958,0.20505093330507643,0.8155399232887786,0.07717157753708614,0.09511789735467839
86,0.1162172460280464,0.04102056879742426,0.006990283612009854,0.0034897309495352954,0.8856584235070771,0.995997273699103,0.9992014373603443,0.45658802855374764,0.16675492067304712,0.21114101544865205,0.8094914752291971,0.07738047299127108,0.09624157119213783
87,0.1171320475651392,0.041460449875242035,0.007306972890616643,0.003538459785352168,0.8848819925354038,0.9957488933176099,0.9991924630275424,0.4614334370267022,0.17191180861182964,0.2180866359045517,0.8018097515813165,0.07762280882303565,0.09736271140204912
88,0.11806210977799474,0.04180411678159826,0.0076301941778324205,0.003577174932773123,0.8845865338234615,0.9954931228698544,0.9991879185286919,0.46667334876769506,0.17919716152812354,0.22569523993843751,0.7927222458229817,0.07795941011816748,0.09838491938726812
89,0.118988473073123,0.042074538605985604,0.007944592100485424,0.0036038144348666634,0.8846351896784763,0.9952448739023371,0.9991885172932522,0.4716854340844903,0.18787968180555165,0.233934383680393,0.7826225250387575,0.0782882477199073,0.09937594182824322
90,0.11994412703093021,0.042248594173668864,0.00824960579151698,0.003620761380432047,0.8851815853514594,0.9950060056131549,0.9991933703095124,0.47616229678991784,0.19744991358169142,0.24269239032062162,0.7718960236992116,0.07864335719565912,0.1003390531973903
91,0.12093130964849222,0.042302595042979695,0.008548834979033406,0.0036324406043959814,0.8863171147359313,0.9947711318984163,0.9992003339347412,0.47993390087489735,0.20746261184890544,0.25161122921734,0.7610481362138393,0.07901145697901744,0.1012786160596891
92,0.12194959896506027,0.04224584410409378,0.008832218194052381,0.0036418084319782694,0.8879855943964948,0.9945502416218017,0.9992080835549831,0.48283436616167197,0.2173144892148434,0.26048371966122336,0.7506249473831347,0.07927618174557813,0.10228867917091847
93,0.12293448462315247,0.04211341168323157,0.009101495113704831,0.0036425107853335814,0.8899077866550728,0.9943409441044583,0.9992187334149465,0.48441828762005246,0.22648786889580214,0.26931789967799186,0.7404653672071716,0.07967364918531038,0.1031243990371998
94,0.12391551048587274,0.041899695174253244,0.009350378711077531,0.0036398422012888483,0.8921487198073437,0.9941504744926307,0.9992302476420275,0.48463122481453375,0.2346076002049039,0.2777725666704325,0.7311230446964528,0.08011568761633077,0.10388836713378037
95,0.12489731774664506,0.04161357958483391,0.009575347071353631,0.00363587097574692,0.894666007648977,0.9939832983796919,0.9992418211942269,0.4834066879752651,0.24134560233727648,0.28555711105355025,0.7229479920615662,0.08060189714312577,0.10459096993712158
96,0.12588138169047722,0.04126745790136338,0.009772980047323115,0.0036320099469088424,0.8973992883128161,0.9938439407482746,0.9992529377749936,0.48074172988759317,0.24644579870765942,0.29234686557491857,0.7162652960067571,0.08113412685156404,0.10523821279952708
97,0.12686664408165302,0.04087538696442815,0.009940416607662397,0.003629095920285425,0.9002804020584951,0.9937362853680073,0.999263318461058,0.4767070514936339,0.24972370411686587,0.29780323769518036,0.7113671346303988,0.0817115797486057,0.10583545055675973
98,0.12784846318658133,0.040451773289515186,0.010075902540668338,0.003627535592201033,0.9032380751303379,0.9936626221617979,0.9992728323041021,0.4714592535013132,0.2510665263026069,0.3015996138730604,0.7084967603859934,0.08232878227885072,0.10638716998022044
99,0.12882104098299565,0.04001103777358938,0.0101786512919682,0.0036274475834673606,0.9062036423510256,0.993623848569695,0.9992814541489907,0.46524703600908596,0.2504297445600123,0.3034587667007525,0.7078235692359123,0.08297747974058706,0.10689829239822783
100,0.12977690270951073,0.03956956563128014,0.010247982356082713,0.003628065063086103,0.9091041546167353,0.9936206341119594,0.9992894920099891,0.45840360184766193,0.24784003632593804,0.303188096564448,0.709399909511848,0.08365019514886922,0.10737142939884274
101,0.13070315124423204,0.03914052720709463,0.010286499619601661,0.003628260752027204,0.9118750217941192,0.9936492671251311,0.999297315806482,0.4513389641008756,0.24343337514683636,0.30065271039968466,0.713171354966104,0.08433490460560929,0.10780489242559191
102,0.13160754973896951,0.038731987888708005,0.01029772441455232,0.003627287409290214,0.9144997598344049,0.9937063948811926,0.9993053181926658,0.4445283331642173,0.237428533669607,0.295850668911347,0.7189713267574582,0.08501206486554284,0.10822598210906091
103,0.1324691371307312,0.03835921153841663,0.01028683950057514,0.0036228963463657794,0.9169016351995314,0.9937850520466038,0.9993141878895737,0.4384543080163256,0.23010962132643897,0.28879213298825573,0.7265387768241202,0.08566733171523176,0.10862575258035714
104,0.13331283251555417,0.03803129658048741,0.01025380089049099,0.0036138732696021103,0.9190883371924382,0.9938873053275273,0.9993246029170196,0.43367671158645255,0.2217734631036601,0.2797352958434028,0.7355004934887257,0.08627859655167512,0.10905455113243562
105,0.13401635825983585,0.037775425238267796,0.010212323578871326,0.003594921559797905,0.9208289743350184,0.9939903857658754,0.9993374141014703,0.4304421672000974,0.21277079268244245,0.2686318896735573,0.7455268821614078,0.08684733670284961,0.10937148693641843
106,0.13474788521077805,0.037561553427338475,0.010152702930868257,0.003573629794708953,0.9224374663369255,0.9941145139607017,0.9993511980610094,0.42941478147559603,0.20329986597496935,0.2563990940283605,0.7561473177900981,0.0873078781264838,0.10982279129768534
107,0.1352306992494587,0.037438357882823105,0.01009781636319067,0.0035377795137952793,0.9234420224625279,0.9942191005341108,0.9993679949159189,0.4303743057641643,0.19389310966131484,0.24282636628456078,0.7669510512737238,0.08768019463864353,0.11007105844763386
108,0.1356831758605721,0.037349389033483345,0.010041558524146186,0.003501447913166003,0.9242860557097341,0.9943220670480168,0.9993844692682295,0.4335543064916379,0.18466275547132283,0.22892821031109528,0.7776608958774334,0.08790353480363022,0.11041269255341463
109,0.13595037857780978,0.03733135340742658,0.00999552668566232,0.003454371772862333,0.9246810688632451,0.9944044748000263,0.9994030069487485,0.4385157717999625,0.1762481623743298,0.2146549197413997,0.7879537454917623,0.08801020429420127,0.11064439687956128
110,0.13607868710680662,0.037356980106825324,0.00996473040100169,0.00340324714238372,0.924768546713467,0.9944627008123746,0.9994215846549221,0.44488493050921313,0.16901220949903487,0.2005806963368976,0.7976555245267558,0.0879788994901114,0.11083115191587418
111,0.1360190464287057,0.037417078114836466,0.009954026795362933,0.003345771131736413,0.9245276514173012,0.9944893257188858,0.9994406123004433,0.45204255402683147,0.16375154141009446,0.1867859643504842,0.8066593286806448,0.0878172729803208,0.11090366146451038
112,0.13585220034030634,0.037531592581618846,0.009959147129470491,0.0032861379822917277,0.9239725886965886,0.9944937929689077,0.9994593735074331,0.4596896681058095,0.16014472964375737,0.17405250916927875,0.8147224230374581,0.08753069945938578,0.11096306027481029
113,0.13559344364871526,0.03770147077529858,0.009983806099813256,0.003226983095212529,0.9231066367709662,0.9944725911283913,0.999477161123382,0.4674323073737455,0.15763445076997393,0.16269497562482743,0.8217328165599743,0.08712068470665642,0.11102728925591598
114,0.13514320754089154,0.0378942134288993,0.010027818685472005,0.003167193298776998,0.921931325060327,0.9944176230941215,0.9994936401455069,0.4744689220132544,0.15661110172050866,0.1527357165920565,0.8277315718925814,0.0865925286491759,0.11095936282692703
115,0.13453973346228718,0.03811935894375692,0.01008986023548094,0.003109789036958634,0.9204413070374851,0.9943313895364236,0.9995082358887585,0.4804888234408696,0.15630405836263073,0.1447098705677117,0.8326148307220185,0.08595571398260791,0.11080215118648336
116,0.13379638128017235,0.03837499590706358,0.010168469512223955,0.0030567941620150956,0.9186435072261501,0.994214470719312,0.9995204977322413,0.48513080926188523,0.15640712357640746,0.13916080185321897,0.8363634725122696,0.08522089376536747,0.11056334375885303
117,0.13286968941717542,0.03866023716958701,0.010265530009465736,0.0030073118755406868,0.9164716755181374,0.9940599753583081,0.9995305123786069,0.4881369253454904,0.15662441150075013,0.13702508737760533,0.8388667719334423,0.08440623248468175,0.11017704503506727
118,0.1318457273525735,0.03898671654036374,0.0103722241444732,0.0029644833228592254,0.9139659831176776,0.9938815219618047,0.9995379425955607,0.48959580692091675,0.15723489989430697,0.13803134009720947,0.8403012921013439,0.08352999542951656,0.10973773711147618
119,0.13068122656730294,0.039359824863588924,0.010488370812375405,0.002925858948703492,0.9110305863213365,0.993674879252017,0.9995433185987354,0.4895820051653957,0.15837654160494455,0.14184620350669885,0.8402576267824667,0.08260980114443048,0.1091831769009786
120,0.1294506336683622,0.03981051222370206,0.010597587907890465,0.002892753492898502,0.9076232520466121,0.9934638596469958,0.9995467684799237,0.48845557885912494,0.16086265842826844,0.14673809097807836,0.838689474810412,0.0816498298673185,0.10861089086978391
121,0.1281356561740278,0.040300344125293965,0.0107032093321647,0.0028673805191698383,0.9038350508137025,0.9932410567746313,0.9995473944808356,0.48628803972062307,0.1649281798403969,0.15187281035035505,0.8352434151168511,0.0806282882737331,0.1080033509242349
122,0.12671337106409059,0.04082850664180328,0.010818380242589644,0.002847473020032756,0.8995924939744719,0.9929884181172227,0.999545723607019,0.48337370930549683,0.16971361946753605,0.15702417913718822,0.8304301543684344,0.07961013218756438,0.10728754665746285
123,0.12525522351612028,0.04147400344642756,0.010901931412513641,0.0028287683018727496,0.8946757431819504,0.9927660039301016,0.9995436808196112,0.48063270542461384,0.17452177366331462,0.16106481714541016,0.8261628924224285,0.0785792005961875,0.1065885887524574
124,0.1237887338182649,0.04211675986965377,0.010994374221933573,0.0028179895454744385,0.8895502829402874,0.9925220500752965,0.999539014764669,0.4774183364102121,0.17848239316762213,0.16368588538919057,0.8227769008035347,0.07754812646456347,0.10588945884125443
125,0.1223121785790465,0.0428490656862179,0.011059691507836276,0.002806765641375067,0.8838367989107265,0.99230823488807,0.999534580067076,0.47472939180438145,0.18106117944739988,0.16470272187238902,0.8212230816699445,0.0765410561261992,0.1052044338211775
126,0.12085383356136616,0.04364133445983579,0.011104743227793114,0.0027950586058543116,0.8776725070552341,0.9921203669638896,0.9995305455402386,0.4725047181129106,0.1818659639432343,0.16393777397741802,0.8217378555351841,0.07558207710202296,0.1045403867202665
127,0.11944002535261632,0.044481880094726645,0.011128532283863981,0.002781962641646667,0.871140507293886,0.9919649233566069,0.9995274029329794,0.4706790051636983,0.1807059919201979,0.16124027892801196,0.8245033172094668,0.07468621749569127,0.10391395371226177
128,0.11808798672883272,0.04535749572855896,0.011130451860697187,0.002766117319848723,0.8643304057669785,0.9918469371706287,0.9995257475903745,0.469097844310641,0.1774588536355349,0.156617633441557,0.829533404335626,0.07386871385698268,0.10332969807950129
129,0.11681179345104382,0.04625460620843927,0.011109966599982809,0.0027462381620408996,0.8573423435834961,0.9917706929186624,0.9995261321050445,0.46751613493757194,0.17207265541895056,0.15023385493367958,0.8366834118540526,0.07314149498572506,0.10278997313889934
130,0.11561919481394044,0.04715823978693348,0.011067041035110631,0.002721138639044967,0.8502832854093723,0.9917384907850365,0.9995290171437212,0.4656426096353688,0.16456331471814123,0.1425451646654847,0.845522264327452,0.07251260285687941,0.10229127142093812
131,0.11451113096759613,0.048049808991066284,0.011002628790733908,0.0026898745043057487,0.8432735201877257,0.991749563737582,0.9995346956718649,0.46318597187699784,0.1550301372945874,0.1346908861522882,0.8549191404274252,0.0719863121300698,0.10182262710529366
132,0.11342509188559169,0.0488966964413454,0.010918044402955145,0.0026478992399651675,0.8363643122601309,0.9917948144716541,0.999544193909923,0.46025652767096736,0.14366053190660913,0.128445032297502,0.8630694316087185,0.071575284649952,0.10128836104597727
133,0.11252145771220705,0.049726677653086145,0.010814027071962376,0.0026059045738086256,0.8298235583328762,0.9918903178465454,0.9995549261516229,0.4556989551353397,0.1306432274450635,0.12226131419204488,0.8715830088719683,0.07124611295873205,0.1009036482220859
134,0.11164783377032002,0.050503532324087004,0.010691695403376248,0.0025555496604996977,0.823511601087752,0.992016537653523,0.999568542752234,0.4502756519136136,0.11642548467602959,0.11543449195787875,0.8809005624786268,0.07103372072039996,0.10045346817356382
135,0.11081322597741834,0.05121915924284086,0.010551767127497964,0.002498053156628664,0.8175178861571287,0.9921720554443523,0.9995845512869102,0.44388153792487095,0.10184004068142029,0.10780986594820278,0.8907392203857869,0.07091437693000648,0.09995851403848065
136,0.11000751798846911,0.051867825376614565,0.010395194610975463,0.0024340909145512267,0.8118695106440342,0.9923530419742544,0.9996025201746394,0.436578125935845,0.08970374134562699,0.09985498681159638,0.8982727413225439,0.07087176707987693,0.0994137959432109
137,0.10922254761272675,0.05244611852452955,0.01022286349965459,0.002364637526142645,0.8065825720637879,0.9925560160261195,0.9996219463944531,0.4284643013501562,0.08338922395297041,0.09229527251546071,0.8999690421724056,0.0708930812542982,0.09881512907615642
138,0.10844794361520743,0.05295100280307479,0.010036004173523691,0.002290589988277787,0.8016611160595253,0.9927768994429309,0.9996423626298957,0.4196554095352238,0.08030919047406146,0.08613598889397929,0.8981835552437827,0.07096667627224365,0.09815530659803565
139,0.10767706785012264,0.05338002191066157,0.009835917629562574,0.002212874192198338,0.7971135330501776,0.9930120897554894,0.9996633433569692,0.41024097539958293,0.07863008439273263,0.08265691247372224,0.8945475068482599,0.07107980072038986,0.09743244684055898
140,0.10690541354569229,0.05373003408897497,0.009624276718600874,0.002132489893429148,0.7929563496490483,0.99325781090808,0.9996844822120029,0.40029377743178274,0.07881780751573746,0.08300237748785341,0.8892596773020444,0.07122277789256448,0.09664457632659021
141,0.10619486096256119,0.05406081750700292,0.009389229683478776,0.0020486073710925413,0.7890520274347034,0.993538157725922,0.9997063594013444,0.38981995888279886,0.08932190406382322,0.08816280029212745,0.8819413825874246,0.07133206601516077,0.09593753837055616
142,0.10546759181640279,0.05432532190321702,0.009147722058431578,0.0019647051437768214,0.7854300401918513,0.9938186920307251,0.9997274386870697,0.37894372704404816,0.10542742145604903,0.09647669950826537,0.873126237875573,0.07150160473717292,0.0951299896384357
143,0.10475558658525802,0.05453493745673287,0.008898068170923127,0.0018805494709788295,0.782133884993089,0.9941048389221352,0.9997479444637178,0.36787388770522617,0.1213522601180515,0.10742874315630933,0.8628713632094929,0.07169374021128272,0.09428951172975476
144,0.10407667328673827,0.05470579254318409,0.00864032556320995,0.0017962979266627562,0.7791337894370717,0.9943980163023497,0.9997679070372218,0.35684890199256974,0.1363501005450865,0.1201390136965034,0.8516269164092083,0.07190041495819492,0.0934499325902985
145,0.10333906631262425,0.05483565213967253,0.008383790581629386,0.0017102213334393458,0.7761368014217567,0.9946789635297346,0.9997874241868544,0.3465442443394069,0.15014256130595663,0.1333953239893349,0.8398343194890782,0.07222000011131191,0.09243049149169448
146,0.10273673821038039,0.054975206876900926,0.008117278849623202,0.0016258075260886023,0.773494985767928,0.9949776305938287,0.9998062934904224,0.33672710439162656,0.16217864608500068,0.14699295621239095,0.8283495457770375,0.0724768806624178,0.09161193145407626
147,0.10227907628757035,0.05512162727198562,0.007843726560355006,0.0015440914790223162,0.7712725202101004,0.9952881518035313,0.9998242156058386,0.3279258632149386,0.17231259555703454,0.16019929737864685,0.8176049725298582,0.07273342900275515,0.09095691183027683
148,0.10181953698192894,0.05525819116144493,0.007575928391729587,0.0014631360628670157,0.7690688388137267,0.9955834954792107,0.9998411919880833,0.3208227578987786,0.18036973211975202,0.17224354282771523,0.8079931192252535,0.07300725013952734,0.09027825146096231
149,0.10149804935871125,0.0553974551355887,0.007311152119243961,0.0013874909220832142,0.7672999788963418,0.9958753446969577,0.9998566128953632,0.31533783505799945,0.18624720266567554,0.18269782030015017,0.8000350006502007,0.07326139974068653,0.08977125065146335
150,0.1012667328298141,0.05559231208762905,0.007055064201759483,0.0013153848458348199,0.7654684934531227,0.9961555333280827,0.999870848518854,0.31196462869257174,0.1898063754712384,0.19115426543556072,0.7938462334972057,0.07356772476522037,0.08935743048188932
151,0.10112705781627787,0.05583623864428478,0.006811273917066857,0.001248330614132157,0.7636229175746253,0.9964194564692158,0.9998836400697518,0.3105097423162557,0.1910559078009149,0.19746722939157849,0.7896362090976464,0.07389189974356257,0.08906349590321001
152,0.1010724858178933,0.056130945398001085,0.006583155805830181,0.001188127113517789,0.7617318951205005,0.9966632376827165,0.9998947403164302,0.31050413959746753,0.19005225323455055,0.20153008023516517,0.7874898688781683,0.074215423771088,0.08889966749972214
153,0.10106916058888579,0.05646965024621158,0.006377193413354194,0.0011369190551913915,0.7597173303793612,0.9968792253000691,0.999903866709701,0.3113304737824388,0.18685899414390117,0.20325469802533086,0.7874649782890003,0.07451735878347594,0.0888421129970216
154,0.1010963510732779,0.05686804099300214,0.00619814156676004,0.001095746425639345,0.7574050539304348,0.9970640705878234,0.9999110230811356,0.31248692693333585,0.181626700865375,0.20260326782979454,0.7895188700387005,0.07478747783055353,0.08888699041799426
155,0.10117183219738551,0.057329284585250745,0.006044818123770341,0.0010660247080475401,0.754844562994245,0.9972215294603733,0.9999161944380133,0.3155927647733597,0.174617381730796,0.19963640868458088,0.793515286768777,0.0750116291656465,0.08906917663241178
156,0.10114991219041798,0.057848592204683934,0.005922206525084763,0.0010455306846901865,0.7515320499333332,0.9973434809431728,0.9999197047134102,0.323481495192721,0.16603584322651815,0.194378968480324,0.7993384008534756,0.07516773894737577,0.08923979517160849
157,0.1011136857738638,0.058426226222423966,0.005830826076557266,0.0010365115368466584,0.7477672080553894,0.9974348186566073,0.9999214231139897,0.3314164524585543,0.15617566074975836,0.18721792659697942,0.8068034445094981,0.07524454386147933,0.08950381483126026
158,0.1010377432458398,0.059049885220834236,0.005772348478744613,0.0010388881383121393,0.7435316571300638,0.9974945730887864,0.9999213914537542,0.33911962684266705,0.14534569398183297,0.17831865435892374,0.8157522159265117,0.07523429331497561,0.08983159193583379
159,0.10091980279771316,0.059707330992050625,0.005747179091681927,0.0010523788095716286,0.738890992245229,0.997523375456532,0.9999196526097582,0.34625572991368114,0.13393200931858887,0.16789219145297973,0.826007290759957,0.07513404965419139,0.0902152100377525
160,0.10077156319561115,0.0603814649875168,0.005755197827787287,0.001076983107025803,0.73399538413741,0.9975220875700994,0.9999161631175596,0.3525092221453668,0.12235643734104652,0.15616501939092517,0.8373903724379989,0.07494638350797933,0.09065401842527683
161,0.10062204556832027,0.0610517058003387,0.005795642609090895,0.001113200110771413,0.7290878565268338,0.9974919817492718,0.9999107640066055,0.3576177020434224,0.11107253323681121,0.14335757731106177,0.8497181478388379,0.07468051145845296,0.09115786708522211
162,0.10050478141553848,0.06170988070094473,0.005866021039983311,0.0011607848162027829,0.724356724561121,0.9974358247400217,0.9999033765618919,0.3614836964419403,0.10052338863769279,0.12965115700125196,0.8627770225580025,0.07436061590670147,0.09173645343982434
163,0.10052470558810726,0.062385098953509854,0.00595966044354156,0.0012179425126500113,0.7200464236968667,0.9973635010963671,0.999894301589149,0.3640436402082549,0.09114766908141461,0.11524269181463345,0.8763261240539327,0.07402486418646488,0.09249020177162928
164,0.10047337173331573,0.06289855934625316,0.006088329913436776,0.0012893150349209714,0.7164656262947608,0.9972512074751483,0.9998820191556878,0.3648389465378815,0.08245159320205607,0.10076255710421819,0.8900172921966771,0.07362393590416907,0.09310946972069009
165,0.10065242525772572,0.06334293589813203,0.006238005869235869,0.0013721039750516865,0.714247510835419,0.9971238515346531,0.9998672684112203,0.36416820880289047,0.07508966378480958,0.08648590627032596,0.9033228393244428,0.07322781131250297,0.09392401862878505
166,0.10095602155604419,0.06362909511266761,0.0064123207876413055,0.0014676122220906433,0.7135313178420993,0.9969706254083783,0.999849210457363,0.3619905184851075,0.06885223019601876,0.07345333940933284,0.9152139396966461,0.07283720195007792,0.09475649734389176
167,0.10143342230074884,0.06375987080985307,0.0066058948931402624,0.0015749522372756506,0.7144869129944936,0.9967973784807229,0.9998277469594401,0.358577855001869,0.06407529591188897,0.06271777774756397,0.9245224190101903,0.07248212462087589,0.09563744150521772
168,0.10210995703484414,0.06370931755677468,0.006816012105277409,0.0016941450062942552,0.7173509040378896,0.9966061684998597,0.9998025320475314,0.3541971935973459,0.06114743774443332,0.05501106679749221,0.9305228110872541,0.07216522546145991,0.09657550854966268
169,0.10298323652845848,0.06348182682975745,0.007039880666302006,0.0018234913965191394,0.7220368114590524,0.9963995307250691,0.9997736222684548,0.34917937803886073,0.06034076531702929,0.0505990359994158,0.9333680148132736,0.07190198052607025,0.09756269564037932
170,0.10403926496772052,0.06309453735202503,0.007273811353322797,0.0019607545382204967,0.7283194450340854,0.9961813018034729,0.9997413134717521,0.34386166486009856,0.06138922213213335,0.050577071359410065,0.9336916975090667,0.07170487071679875,0.09859134700438825
171,0.10525585665618695,0.0625811437902374,0.00751405107839006,0.0021020922802245027,0.7358355746930956,0.9959564656206161,0.9997065110229437,0.3385255341838268,0.06391534516998253,0.055814369206757634,0.9319980884410081,0.07158962226517329,0.09965440611440711
172,0.10660372024608564,0.06192484653897305,0.007762235477436575,0.002246285015187055,0.7445035124226284,0.9957221796013751,0.999669438896897,0.3333246876945357,0.06756466785402661,0.06467960313387304,0.9283410040386502,0.07154141163744708,0.1007281703699568
173,0.10803831691803509,0.061164591705722984,0.008012203043894134,0.002390358250626773,0.7538626866155934,0.9954848620502631,0.9996309691972137,0.3284608681197864,0.07232305524545726,0.07500931856171142,0.9231090954544441,0.07154527579909971,0.10180652200140844
174,0.10954067849298602,0.06037021653267877,0.008255210000779578,0.002529010407306792,0.7633894836906754,0.9952574681039942,0.9995930916960677,0.3240343664081847,0.07781471614608607,0.08572042779064197,0.9168020571324109,0.07161633172465698,0.10290465832510873
175,0.11110475099538211,0.05957710108773297,0.00848232189856104,0.002663804248284161,0.7728332090724653,0.9950512168573499,0.9995557523600267,0.32014335494129215,0.08333574178568563,0.09654227143115214,0.9101815649285857,0.07172864302917041,0.10405644657983301
176,0.11258029233077073,0.05880371128098362,0.008699109558647437,0.0027791655809053075,0.7816130519433964,0.9948569103748766,0.9995236831952694,0.31630440438570046,0.08922052186376069,0.1063157631890001,0.9031919145181453,0.07189472631582827,0.10510349793470565
177,0.11396331899373335,0.05804402627309222,0.008903419429832719,0.0028831695563097002,0.7897942693451694,0.9946739367912953,0.9994944964991613,0.3127413156789531,0.09401811610292052,0.11498473504025716,0.896846716334173,0.07213291780094916,0.10602439707828713
178,0.11524480208532537,0.057359151609888775,0.009079605878369805,0.0029690300597401964,0.7970719949782646,0.994523430695892,0.9994709654363723,0.3090011970168125,0.09826268538035025,0.1225521153453781,0.891233237619962,0.07237952959612387,0.10688262140749553
179,0.11636214206496635,0.056758158522915776,0.009226783231345593,0.003035338214120149,0.803284372499208,0.9944027705633101,0.9994534120130368,0.30495644616441947,0.1014282145860551,0.1285824301790546,0.8865848020281151,0.07266647936910056,0.10758980550141481
180,0.11731580013775215,0.05626211162217345,0.009336818817382906,0.003083613460358455,0.8083941523987426,0.9943210425951113,0.9994414912070956,0.3004411803926741,0.10338250175221754,0.13295028057302694,0.8832150340675617,0.07297866765683717,0.10816293769485633
181,0.11802773238582892,0.055900965092589794,0.009407114567436578,0.0031118724002430795,0.8121042966657583,0.9942765763869189,0.9994354697175459,0.2952121183990216,0.10455408713199887,0.13532211206120937,0.8810153744263929,0.07326020645967996,0.10856603158552468
182,0.11856510444352725,0.05560208450629313,0.009440249007925694,0.0031269940870942005,0.815024562585585,0.9942662682003047,0.9994330940162822,0.2893307639487891,0.10323089930340441,0.13618746555457167,0.8806131116396108,0.07365873158420463,0.10873161199903167
183,0.11878292737469782,0.05542604299820413,0.009437016733226037,0.0031255020438607614,0.8165031659733968,0.9942809847765667,0.999434686444752,0.2826674416363066,0.10120611940974868,0.1348135634349002,0.8815471760281187,0.07395067626756384,0.10868097168115885
184,0.11885108929896633,0.05536992514567794,0.00938457737904267,0.0031103322596891954,0.8170197929321862,0.9943464870209342,0.9994404488220033,0.2748443632610177,0.09703990692215747,0.13183382080641687,0.8839480304729792,0.07439254809609117,0.10842003175293999
185,0.11861325684001991,0.05541932561955971,0.009298929725468034,0.0030825617353012593,0.8162448156434609,0.9944319927668951,0.9994487132677199,0.26633814655305194,0.09181750237411247,0.12677120080286064,0.8877627359890835,0.07477679284858746,0.1079111202911631
186,0.11810901318689433,0.05555102586226762,0.009181940758435621,0.003043798300735537,0.8143822255901599,0.9945372469199945,0.9994591286904737,0.257341372998624,0.08530398890451867,0.1199056266682027,0.892902522585109,0.07513165910185661,0.10716558223199131
187,0.11738135237268983,0.055766343878789065,0.009034399261516224,0.002995991712452582,0.8115020196812609,0.9946641695269911,0.9994713446850827,0.24835379864552146,0.07779180082914319,0.11133262422308127,0.899153829623341,0.0754658515281035,0.1062250845325375
188,0.11640744870512863,0.056054967919584586,0.008863928684912484,0.002939000621456695,0.8075473932251911,0.994802941479864,0.9994852387657663,0.2402335023508998,0.06957737074951306,0.10123813141290346,0.9061817378678095,0.07577850071995734,0.10506036040068771
189,0.11525576857853373,0.05642301714931471,0.008671025569381803,0.002875285117949833,0.8026083040655133,0.994957740437773,0.9995004946553304,0.23416954208220267,0.06145283235757844,0.0897416680167777,0.9134709383789817,0.07606089334281038,0.10375761903440339
190,0.11388463514316469,0.056847472523603504,0.00846606630443791,0.002803343245283828,0.7966222650745154,0.9951149433880396,0.9995173028615247,0.23085838870649225,0.05375779639342583,0.0772396561168973,0.9204838480501466,0.07631899808560846,0.10225599638771558
191,0.11239890767303622,0.05734301210248792,0.008249022915216684,0.002727090340794635,0.7897319238932,0.9952814672768665,0.999535105334193,0.23084232712581718,0.047706947751520644,0.06397565302843872,0.926648043343799,0.07653087765741402,0.10069877679915658
192,0.11075088262923831,0.05787456730467421,0.008029235405721922,0.002643384028817548,0.781921877757212,0.9954447912531443,0.9995545597103848,0.2341022270173589,0.044621942156809466,0.05079474658352612,0.9316570314818146,0.07672419759413186,0.09899533902017557
193,0.10902053130896258,0.058450756279618335,0.007810339762181614,0.00255581632437357,0.7733157004798326,0.9956059988326522,0.9995749896378819,0.24020917808360728,0.049876041924342106,0.03901952312500654,0.9348543155367336,0.07686336353137793,0.09727036602930886
194,0.1072447015077512,0.0590482345553391,0.007594908575235874,0.002463700164896089,0.7641192836159156,0.9957644834596754,0.9995967399724854,0.2483644214830305,0.05923518153950185,0.03267190890302543,0.935380968725281,0.07697680233643699,0.09553242571197913
195,0.10545134224032501,0.05964982640203921,0.007388130842445399,0.0023678452095192946,0.7544969075827256,0.9959159973721037,0.9996195830522779,0.2577470016159215,0.07026477946663277,0.03481878025762085,0.9326165509801839,0.0770535946166854,0.09381376282299105
196,0.10368061473155903,0.06023461837680401,0.007192327558789101,0.002268657601477809,0.7447074435924484,0.9960597612473996,0.9996434434022169,0.2678795720113997,0.08230801655285562,0.04221186085585626,0.9270021795653683,0.07710040457306408,0.09214273232224389
197,0.10201761003864099,0.060766715298666944,0.007010459292757021,0.0021711573836441012,0.7353086240370613,0.9961946951128408,0.9996669557184245,0.2783869537542165,0.09485504595082139,0.05253890967316827,0.9194094400818478,0.07708428719536328,0.09062041479516726
198,0.10040107471037696,0.06125022447800563,0.006839302940458595,0.0020645719167072733,0.726094695938709,0.996323668802424,0.9996929729977799,0.2896212096446379,0.10756012616493613,0.06430615135618616,0.9106286039115981,0.07711591865605384,0.08908501228236032
199,0.09901565669613983,0.06162976782410359,0.006684397338551167,0.0019640650280142993,0.7182034720174155,0.9964442757924528,0.9997174134538606,0.3010086660142333,0.11993805398872569,0.07739114045447541,0.9006473301427578,0.07707991081699435,0.0878040694995331
