mode_a,mode_b,maximum_absolute_normalized_crosscorrelation,signed_lag_of_maximum_fs,zero_lag_normalized_crosscorrelation,connected_at_threshold
4,5,0.4429206785533131,-43.5,-2.6130274531481987e-16,True
1,17,0.4262156245194126,-22.0,-3.621479814182432e-16,True
1,2,0.42413376868435215,-23.5,-1.2519540645960042e-16,True
1,4,0.4228056807532968,-8.5,1.284734547854169e-16,True
4,18,0.42153736898343325,39.0,1.1126545684557225e-16,True
3,17,0.401477610158357,17.5,5.045184658170218e-17,True
9,15,0.40092304235450177,-47.5,1.2802746904373664e-16,True
8,15,0.39761782034446885,9.0,1.9398254488136923e-16,True
2,3,0.3952190742156025,31.0,9.357939901022176e-17,True
3,7,0.39270270588341527,48.0,6.120544569926983e-17,True
13,18,0.3846202468042613,-13.5,-1.8477208609326296e-18,True
1,3,0.38316309213554106,-37.5,1.0217020643714498e-16,True
2,6,0.38273885323414725,17.5,4.354719581084141e-17,True
2,7,0.36350241851981874,35.5,5.486122527710411e-17,True
4,11,0.3620439475691389,-29.0,1.2808998326982885e-16,True
2,5,0.355227309554564,41.0,-1.1347152605902532e-16,True
7,11,0.35419526099579013,15.5,-3.8568410830258803e-17,True
5,14,0.3421334251472635,25.0,-3.1689256613761596e-16,True
1,15,0.3406630496539396,-46.0,-6.621533312704125e-17,True
1,11,0.3365812378301104,44.0,9.478493563193404e-18,True
1,10,0.3356161812538091,-22.5,-1.8936583372814024e-16,True
3,11,0.3350342533016627,42.0,9.953083378564177e-17,True
15,18,0.33203627383206846,-44.5,9.472632261673969e-17,True
1,5,0.33148879053316166,50.0,6.928062494067525e-18,True
1,7,0.3304302002773922,50.0,-9.578864446910243e-17,True
4,17,0.33038114992124334,-16.5,-3.2626512902989634e-16,True
10,12,0.32914950916656455,46.5,-3.548210234331512e-16,True
11,17,0.3276769569445361,12.5,1.684979477977546e-16,True
7,10,0.32633560195982375,-7.0,-2.4241644277483037e-16,True
4,8,0.3197705830354674,49.0,2.4579406125545986e-16,True
4,13,0.3154461616450735,-15.0,-1.2571392005817678e-16,True
15,16,0.3127999608538119,50.0,1.3806309213976753e-15,True
5,6,0.3106455230563172,-20.5,-3.215984899169917e-16,True
5,8,0.30748391085159515,-24.5,1.2278034404322705e-16,True
3,15,0.3063748628139555,44.5,2.283099133292839e-17,True
6,18,0.30483641800315675,-50.0,1.539922869621009e-16,True
3,4,0.3042955862793547,30.5,-1.6299960411055147e-16,True
12,15,0.3032518278567422,-8.5,3.7049545358589813e-16,True
4,14,0.3010841089211116,49.0,2.841245252592571e-16,True
7,16,0.2997945007351713,-9.0,6.09164366522403e-16,True
6,8,0.2978196643950147,-43.5,-3.6267859217983914e-16,True
7,14,0.2977740833539527,-47.5,-2.9402217645340137e-16,True
9,17,0.29680310885485334,10.0,4.3995250477604695e-16,True
5,7,0.2948438896483945,-50.0,-2.3875101275373248e-16,True
2,17,0.2934018827265301,-28.5,-3.209974708113551e-16,True
12,13,0.2932259327342732,-50.0,-4.021525087432835e-16,True
2,11,0.29177214377691374,42.0,-4.3855631014788765e-16,True
2,15,0.2909026593228172,46.5,2.9052218979211527e-16,True
7,13,0.28794953325910294,17.0,-6.327660424250958e-17,True
4,12,0.2862694959344681,50.0,3.5321598992005973e-16,True
14,18,0.28579703314725585,-11.0,-3.3356072699078236e-16,True
9,12,0.2848874301713327,-42.0,3.235944239634083e-16,True
3,13,0.2822934276017838,39.5,-1.3926956234572489e-16,True
11,14,0.2822365335344832,35.0,3.4439881113886257e-16,True
8,18,0.2819600619034208,50.0,1.2186379423856673e-17,True
8,9,0.28176320171944896,42.5,-1.1577741300031765e-16,True
8,14,0.27933145208507826,-7.5,-4.720519809614208e-16,True
1,18,0.27669501163770277,47.5,3.880790083508264e-16,True
6,10,0.2755645249090368,-39.0,-3.0146255007017776e-16,True
1,9,0.2747986424883381,-47.5,1.100973327933263e-16,True
2,13,0.27438545260068703,11.5,-2.0084841689641968e-16,True
9,13,0.2738272104650791,32.0,-5.240498882151967e-16,True
12,18,0.2737874546971572,45.5,-2.3353966515320064e-16,True
14,15,0.27087056972652346,50.0,-5.778500427691097e-16,True
10,11,0.27010692158879485,47.5,3.252037452163318e-16,True
8,11,0.2690463704395865,-22.0,8.72706166303328e-17,True
7,17,0.2671968299129215,-41.5,2.1831054865208006e-17,True
3,9,0.2669404427845447,24.0,6.631102538467213e-17,True
11,12,0.26665017230504273,41.5,-2.0798090028001832e-16,True
7,15,0.26552592361374544,-41.5,4.0145536101036167e-16,True
11,15,0.26302390332046977,37.5,-2.703424469629854e-16,True
7,8,0.2628879440981295,21.5,1.6729249642145403e-16,True
4,6,0.2599467375041684,45.5,2.6741514719068907e-16,True
11,13,0.25945495895310083,-45.5,-3.488470249737638e-17,True
5,11,0.2582245020235065,-49.0,-1.18661575886384e-16,True
15,17,0.25780977750173323,-21.5,-8.926352044536522e-16,True
10,15,0.25690135100050054,31.5,-8.69050690558876e-16,True
16,17,0.25568772252242733,37.5,2.5902837391986842e-15,True
8,17,0.2442232309432286,26.0,4.448643660265287e-16,False
8,16,0.24350303667832443,-12.5,1.312967759295176e-16,False
17,18,0.2433683875099443,-17.0,1.3892857466816666e-15,False
6,17,0.24220170470559005,-28.0,-1.516273222388354e-16,False
2,8,0.2398357615707634,21.0,2.4182563499216067e-16,False
3,5,0.23978737225910657,-31.5,4.34717352243471e-16,False
13,16,0.23932384096545142,38.5,1.4179695542051045e-16,False
9,18,0.23765051555733166,20.5,2.472360759124196e-16,False
2,10,0.2357586857568242,13.5,-2.715749144876818e-17,False
5,9,0.23338903130070351,18.5,9.586955982759545e-17,False
3,12,0.23297409953751333,50.0,2.7400505872014604e-16,False
2,4,0.23190958904788234,-39.5,-3.0949637741082106e-16,False
4,7,0.23178427589957115,-27.5,-2.7631821331812375e-16,False
6,12,0.22513293046242697,-42.0,2.320748019431372e-16,False
4,15,0.22253479111195945,11.0,1.2080034823538262e-16,False
9,14,0.21784447491019912,-28.5,3.537105224246922e-16,False
5,15,0.21690263795702974,35.5,-2.2796178782903466e-16,False
12,14,0.2162216567850296,41.5,-1.812713717631845e-17,False
7,18,0.21595130037507843,50.0,-2.2879741096196142e-17,False
9,10,0.21543180656550143,-37.0,1.529650560300488e-16,False
10,17,0.21417002018740955,-40.0,-5.161393571446177e-16,False
3,10,0.21188927750683503,32.5,-5.735662448535028e-17,False
6,14,0.21140988762269056,44.5,-4.737292828579772e-16,False
10,18,0.21021787488954166,35.0,4.395890560564002e-16,False
8,10,0.20964507516993663,-24.5,-5.066755274946428e-16,False
8,12,0.20755540703947886,41.5,-9.145998338149188e-17,False
1,16,0.20747974085670154,-39.5,5.366334963836292e-17,False
1,14,0.20601975984281318,35.0,2.9667020357976466e-16,False
4,9,0.20505713937654865,45.5,-2.2678205509686047e-17,False
3,8,0.20425633014183367,19.0,-9.026957685245592e-17,False
10,14,0.20343563438529766,34.0,-1.1389374233765122e-16,False
5,13,0.20277861060027783,22.5,8.179835588528031e-17,False
4,16,0.2019183864619305,-33.0,1.9524427987695868e-17,False
1,8,0.19959252032541314,44.5,-7.128543623144425e-17,False
5,17,0.19936326512395605,-42.5,-1.0618242504366312e-16,False
10,13,0.19827837468794077,-27.0,4.2286435828280565e-16,False
12,17,0.198008862468046,-30.0,6.456446739145381e-16,False
5,12,0.19273656579627838,-27.5,5.687542586841542e-16,False
2,14,0.19240566285461863,26.5,-6.248551294139724e-18,False
8,13,0.19187495703734656,18.5,0.0,False
9,11,0.19039283180483868,12.5,1.916516060827726e-16,False
1,13,0.18538688744596232,48.5,-6.373021774674567e-16,False
13,14,0.1845679517567879,12.0,7.387217164116906e-17,False
6,11,0.18407335048640894,-41.5,8.5720454914261e-17,False
2,18,0.18348609962302773,27.5,-9.291518458726551e-17,False
1,12,0.17943026332718962,42.0,-4.544577264250651e-16,False
4,10,0.17858355475971477,41.0,-1.8114569467494427e-16,False
14,16,0.1773879411566014,47.0,3.5711447921093887e-17,False
6,9,0.17729438214457802,35.0,4.874947131512315e-16,False
6,7,0.17637692606490266,50.0,-4.664594145389816e-16,False
11,18,0.17314732843818184,14.5,2.6068341370178907e-16,False
7,9,0.17092921977745715,32.5,-2.5824142390843746e-16,False
3,6,0.17006922381885647,-41.5,-1.5827684746368657e-16,False
9,16,0.17004842668902645,-11.0,3.289163276428543e-16,False
7,12,0.16967502056752332,-24.0,3.1527491758787225e-16,False
12,16,0.1691441063693105,12.0,-4.710010803053339e-16,False
6,13,0.165338273685618,-16.5,-1.3812444615496238e-16,False
6,15,0.16483414880773575,-44.0,-6.487327488750674e-16,False
2,9,0.1643261220368045,40.0,-1.0385248998374467e-16,False
13,15,0.16384891522476452,41.5,-6.173715467691854e-16,False
3,16,0.16203833644161153,-27.5,-2.001265307664967e-16,False
11,16,0.16150190325096986,-10.5,-7.663300714365528e-16,False
5,10,0.16139153381565383,30.0,-8.02238406146291e-16,False
3,18,0.15875102213474748,-30.0,1.4100099694269242e-16,False
14,17,0.15770280971077147,-33.5,1.0878439850845005e-17,False
6,16,0.15524083807412944,-35.0,-3.8161452010635854e-16,False
3,14,0.15416152340720177,-48.5,-3.250130333287079e-16,False
1,6,0.14930258570306598,-26.5,-8.188293519083662e-17,False
10,16,0.14661714039504997,-41.5,2.017721043891804e-16,False
2,12,0.14607746506935365,38.5,-3.381031049718243e-16,False
16,18,0.14404266030200263,-37.5,4.394688098282648e-16,False
5,18,0.12810438113132483,41.5,-3.194304190824163e-16,False
2,16,0.12147394594045544,50.0,3.5710816877248346e-16,False
13,17,0.11404085104827158,-21.5,3.265280547062391e-17,False
5,16,0.09880494849433351,18.5,-1.3780784766089337e-16,False
